Workbook

Sheet Consolidado de precios
C1: Tamaño del proyecto 2D (km) - Tiempo | D1: 830 | AE1: TRUE
C2: Tamaño del proyecto 2D (km) - Profundidad | D2: 125
C3: Tamaño del proyecto 3D (km²) - Tiempo | D3: 0 | AE3: FALSE
C4: Tamaño del proyecto 3D (km²) - Profundidad | D4: 0
C5: Número de tomografías 2D | D5: 6
C6: Número de tomografías 3D | D6: 0
G7: Absolute | H7: AGT | I7: EGS | J7: GT | K7: Geotomo | L7: Inforpetrol | M7: Petroseis | N7: Schlumberger | O7: Tecc | P7: Z-Terra | R7: Absolute | S7: AGT | T7: EGS | U7: GT | V7: Geotomo | W7: Inforpetrol | X7: Petroseis | Y7: Schlumberger | Z7: Tecc | AA7: Z-Terra
B8: UNIDAD | C8: DESCRIPCION AMPLIADA DEL SERVICIO | D8: Project Size | F8: Aplica | G8: VR UNIT USD $ | H8: VR UNIT USD $ | I8: VR UNIT USD $ | J8: VR UNIT USD $ | K8: VR UNIT USD $ | L8: VR UNIT USD $ | M8: VR UNIT USD $ | N8: VR UNIT USD $ | O8: VR UNIT USD $ | P8: VR UNIT USD $ | Q8: Aplica 2 | R8: Costo por servicio | S8: Costo por servicio | T8: Costo por servicio | U8: Costo por servicio | V8: Costo por servicio | W8: Costo por servicio | X8: Costo por servicio | Y8: Costo por servicio | Z8: Costo por servicio | AA8: Costo por servicio
B9: km 2D | C9: 2D Up-front processing (include Data Audit) | D9: <200 km | F9: FALSE | G9: 50 | H9: 47.5 | I9: 65 | J9: 28 | K9: 67.43 | L9: 20 | M9: 7.5 | N9: 119.12 | O9: 60 | P9: 30 | Q9: =AND($D$1>0,$D$1<200,F9=TRUE) -> FALSE | R9: =IF($Q9=TRUE,G9*$D$1,0) -> 0 | S9: =IF($Q9=TRUE,H9*$D$1,0) -> 0 | T9: =IF($Q9=TRUE,I9*$D$1,0) -> 0 | U9: =IF($Q9=TRUE,J9*$D$1,0) -> 0 | V9: =IF($Q9=TRUE,K9*$D$1,0) -> 0 | W9: =IF($Q9=TRUE,L9*$D$1,0) -> 0 | X9: =IF($Q9=TRUE,M9*$D$1,0) -> 0 | Y9: =IF($Q9=TRUE,N9*$D$1,0) -> 0 | ... AA9: =IF($Q9=TRUE,P9*$D$1,0) -> 0
B10: km 2D | C10: 2D Up-front processing (include Data Audit) | D10: 200-600 km | F10: FALSE | G10: 50 | H10: 45 | I10: 60 | J10: 28 | K10: 67.43 | L10: 18 | M10: 7 | N10: 119.12 | O10: 57 | P10: 28 | Q10: =AND($D$1>=200,$D$1<600,F10=TRUE) -> FALSE | R10: =IF($Q10=TRUE,G10*$D$1,0) -> 0 | S10: =IF($Q10=TRUE,H10*$D$1,0) -> 0 | T10: =IF($Q10=TRUE,I10*$D$1,0) -> 0 | U10: =IF($Q10=TRUE,J10*$D$1,0) -> 0 | V10: =IF($Q10=TRUE,K10*$D$1,0) -> 0 | W10: =IF($Q10=TRUE,L10*$D$1,0) -> 0 | X10: =IF($Q10=TRUE,M10*$D$1,0) -> 0 | Y10: =IF($Q10=TRUE,N10*$D$1,0) -> 0 | ... AA10: =IF($Q10=TRUE,P10*$D$1,0) -> 0
B11: km 2D | C11: 2D Up-front processing (include Data Audit) | D11: >600 km | F11: TRUE | G11: 50 | H11: 42.75 | I11: 50 | J11: 28 | K11: 67.43 | L11: 16 | M11: 6 | N11: 119.12 | O11: 54 | P11: 25 | Q11: =AND($D$1>=600,F11=TRUE) -> TRUE | R11: =IF($Q11=TRUE,G11*$D$1,0) -> 41500 | S11: =IF($Q11=TRUE,H11*$D$1,0) -> 35482.5 | T11: =IF($Q11=TRUE,I11*$D$1,0) -> 41500 | U11: =IF($Q11=TRUE,J11*$D$1,0) -> 23240 | V11: =IF($Q11=TRUE,K11*$D$1,0) -> 55966.9 | W11: =IF($Q11=TRUE,L11*$D$1,0) -> 13280 | X11: =IF($Q11=TRUE,M11*$D$1,0) -> 4980 | Y11: =IF($Q11=TRUE,N11*$D$1,0) -> 98869.6 | ... AA11: =IF($Q11=TRUE,P11*$D$1,0) -> 20750
B12: km² 3D | C12: 3D Up-front processing (include Data Audit) | D12: 0-200 km² | F12: FALSE | G12: 90 | H12: 80 | I12: 90 | J12: 63 | K12: 54 | L12: 30 | M12: 16 | N12: 173.26 | O12: 60 | P12: 50 | Q12: =AND($D$3>0,$D$3<200,F12=TRUE) -> FALSE | R12: =IF($Q12=TRUE,G12*$D$3,0) -> 0 | S12: =IF($Q12=TRUE,H12*$D$3,0) -> 0 | T12: =IF($Q12=TRUE,I12*$D$3,0) -> 0 | U12: =IF($Q12=TRUE,J12*$D$3,0) -> 0 | V12: =IF($Q12=TRUE,K12*$D$3,0) -> 0 | W12: =IF($Q12=TRUE,L12*$D$3,0) -> 0 | X12: =IF($Q12=TRUE,M12*$D$3,0) -> 0 | Y12: =IF($Q12=TRUE,N12*$D$3,0) -> 0 | ... AA12: =IF($Q12=TRUE,P12*$D$3,0) -> 0
B13: km² 3D | C13: 3D Up-front processing (include Data Audit) | D13: 200-500 km² | F13: FALSE | G13: 75 | H13: 76.5 | I13: 80 | J13: 63 | K13: 54 | L13: 30 | M13: 14.5 | N13: 173.26 | O13: 57 | P13: 47 | Q13: =AND($D$3>=200,$D$3<500,F13=TRUE) -> FALSE | R13: =IF($Q13=TRUE,G13*$D$3,0) -> 0 | S13: =IF($Q13=TRUE,H13*$D$3,0) -> 0 | T13: =IF($Q13=TRUE,I13*$D$3,0) -> 0 | U13: =IF($Q13=TRUE,J13*$D$3,0) -> 0 | V13: =IF($Q13=TRUE,K13*$D$3,0) -> 0 | W13: =IF($Q13=TRUE,L13*$D$3,0) -> 0 | X13: =IF($Q13=TRUE,M13*$D$3,0) -> 0 | Y13: =IF($Q13=TRUE,N13*$D$3,0) -> 0 | ... AA13: =IF($Q13=TRUE,P13*$D$3,0) -> 0
B14: km² 3D | C14: 3D Up-front processing (include Data Audit) | D14: >500 km² | F14: FALSE | G14: 75 | H14: 72.5 | I14: 70 | J14: 63 | K14: 49 | L14: 25 | M14: 12.5 | N14: 173.26 | O14: 54 | P14: 45 | Q14: =AND($D$3>=500,F14=TRUE) -> FALSE | R14: =IF($Q14=TRUE,G14*$D$3,0) -> 0 | S14: =IF($Q14=TRUE,H14*$D$3,0) -> 0 | T14: =IF($Q14=TRUE,I14*$D$3,0) -> 0 | U14: =IF($Q14=TRUE,J14*$D$3,0) -> 0 | V14: =IF($Q14=TRUE,K14*$D$3,0) -> 0 | W14: =IF($Q14=TRUE,L14*$D$3,0) -> 0 | X14: =IF($Q14=TRUE,M14*$D$3,0) -> 0 | Y14: =IF($Q14=TRUE,N14*$D$3,0) -> 0 | ... AA14: =IF($Q14=TRUE,P14*$D$3,0) -> 0
B15: km 2D | C15: 2D Time domain preprocessing | D15: <200 km | F15: FALSE | G15: 100 | H15: 115 | I15: 70 | J15: 119 | K15: 118 | L15: 40 | M15: 43 | N15: 435.76 | O15: 125 | P15: 65 | Q15: =AND($D$1>0,$D$1<200,F15=TRUE) -> FALSE | R15: =IF($Q15=TRUE,G15*$D$1,0) -> 0 | S15: =IF($Q15=TRUE,H15*$D$1,0) -> 0 | T15: =IF($Q15=TRUE,I15*$D$1,0) -> 0 | U15: =IF($Q15=TRUE,J15*$D$1,0) -> 0 | V15: =IF($Q15=TRUE,K15*$D$1,0) -> 0 | W15: =IF($Q15=TRUE,L15*$D$1,0) -> 0 | X15: =IF($Q15=TRUE,M15*$D$1,0) -> 0 | Y15: =IF($Q15=TRUE,N15*$D$1,0) -> 0 | ... AA15: =IF($Q15=TRUE,P15*$D$1,0) -> 0
B16: km 2D | C16: 2D Time domain preprocessing | D16: 200-600 km | F16: FALSE | G16: 100 | H16: 105 | I16: 60 | J16: 104 | K16: 98.33 | L16: 38 | M16: 40 | N16: 244.24 | O16: 118 | P16: 62 | Q16: =AND($D$1>=200,$D$1<600,F16=TRUE) -> FALSE | R16: =IF($Q16=TRUE,G16*$D$1,0) -> 0 | S16: =IF($Q16=TRUE,H16*$D$1,0) -> 0 | T16: =IF($Q16=TRUE,I16*$D$1,0) -> 0 | U16: =IF($Q16=TRUE,J16*$D$1,0) -> 0 | V16: =IF($Q16=TRUE,K16*$D$1,0) -> 0 | W16: =IF($Q16=TRUE,L16*$D$1,0) -> 0 | X16: =IF($Q16=TRUE,M16*$D$1,0) -> 0 | Y16: =IF($Q16=TRUE,N16*$D$1,0) -> 0 | ... AA16: =IF($Q16=TRUE,P16*$D$1,0) -> 0
B17: km 2D | C17: 2D Time domain preprocessing | D17: >600 km | F17: TRUE | G17: 100 | H17: 100 | I17: 50 | J17: 100 | K17: 98.33 | L17: 35 | M17: 36 | N17: 169.13 | O17: 110 | P17: 60 | Q17: =AND($D$1>=600,F17=TRUE) -> TRUE | R17: =IF($Q17=TRUE,G17*$D$1,0) -> 83000 | S17: =IF($Q17=TRUE,H17*$D$1,0) -> 83000 | T17: =IF($Q17=TRUE,I17*$D$1,0) -> 41500 | U17: =IF($Q17=TRUE,J17*$D$1,0) -> 83000 | V17: =IF($Q17=TRUE,K17*$D$1,0) -> 81613.9 | W17: =IF($Q17=TRUE,L17*$D$1,0) -> 29050 | X17: =IF($Q17=TRUE,M17*$D$1,0) -> 29880 | Y17: =IF($Q17=TRUE,N17*$D$1,0) -> 140377.9 | ... AA17: =IF($Q17=TRUE,P17*$D$1,0) -> 49800
B18: km² 3D | C18: 3D Time domain preprocessing | D18: 0-200 km² | F18: FALSE | G18: 200 | H18: 200 | I18: 100 | J18: 216 | K18: 153 | L18: 50 | M18: 88.5 | N18: 490.88 | O18: 125 | P18: 75 | Q18: =AND($D$3>0,$D$3<200,F18=TRUE) -> FALSE | R18: =IF($Q18=TRUE,G18*$D$3,0) -> 0 | S18: =IF($Q18=TRUE,H18*$D$3,0) -> 0 | T18: =IF($Q18=TRUE,I18*$D$3,0) -> 0 | U18: =IF($Q18=TRUE,J18*$D$3,0) -> 0 | V18: =IF($Q18=TRUE,K18*$D$3,0) -> 0 | W18: =IF($Q18=TRUE,L18*$D$3,0) -> 0 | X18: =IF($Q18=TRUE,M18*$D$3,0) -> 0 | Y18: =IF($Q18=TRUE,N18*$D$3,0) -> 0 | ... AA18: =IF($Q18=TRUE,P18*$D$3,0) -> 0
B19: km² 3D | C19: 3D Time domain preprocessing | D19: 200-500 km² | F19: FALSE | G19: 150 | H19: 180 | I19: 90 | J19: 204 | K19: 153 | L19: 45 | M19: 82 | N19: 368.16 | O19: 118 | P19: 72 | Q19: =AND($D$3>=200,$D$3<500,F19=TRUE) -> FALSE | R19: =IF($Q19=TRUE,G19*$D$3,0) -> 0 | S19: =IF($Q19=TRUE,H19*$D$3,0) -> 0 | T19: =IF($Q19=TRUE,I19*$D$3,0) -> 0 | U19: =IF($Q19=TRUE,J19*$D$3,0) -> 0 | V19: =IF($Q19=TRUE,K19*$D$3,0) -> 0 | W19: =IF($Q19=TRUE,L19*$D$3,0) -> 0 | X19: =IF($Q19=TRUE,M19*$D$3,0) -> 0 | Y19: =IF($Q19=TRUE,N19*$D$3,0) -> 0 | ... AA19: =IF($Q19=TRUE,P19*$D$3,0) -> 0
B20: km² 3D | C20: 3D Time domain preprocessing | D20: >500 km² | F20: FALSE | G20: 100 | H20: 170 | I20: 80 | J20: 185 | K20: 128 | L20: 40 | M20: 74.5 | N20: 253.5 | O20: 110 | P20: 70 | Q20: =AND($D$3>=500,F20=TRUE) -> FALSE | R20: =IF($Q20=TRUE,G20*$D$3,0) -> 0 | S20: =IF($Q20=TRUE,H20*$D$3,0) -> 0 | T20: =IF($Q20=TRUE,I20*$D$3,0) -> 0 | U20: =IF($Q20=TRUE,J20*$D$3,0) -> 0 | V20: =IF($Q20=TRUE,K20*$D$3,0) -> 0 | W20: =IF($Q20=TRUE,L20*$D$3,0) -> 0 | X20: =IF($Q20=TRUE,M20*$D$3,0) -> 0 | Y20: =IF($Q20=TRUE,N20*$D$3,0) -> 0 | ... AA20: =IF($Q20=TRUE,P20*$D$3,0) -> 0
B21: km 2D | C21: 2D Pre-stack Time Migration (PreSTM) | D21: <200 km | F21: FALSE | G21: 50 | H21: 59 | I21: 75 | J21: 91 | K21: 54 | L21: 40 | M21: 27 | N21: 34.25 | O21: 105 | P21: 45 | Q21: =AND($D$1>0,$D$1<200,F21=TRUE) -> FALSE | R21: =IF($Q21=TRUE,G21*$D$1,0) -> 0 | S21: =IF($Q21=TRUE,H21*$D$1,0) -> 0 | T21: =IF($Q21=TRUE,I21*$D$1,0) -> 0 | U21: =IF($Q21=TRUE,J21*$D$1,0) -> 0 | V21: =IF($Q21=TRUE,K21*$D$1,0) -> 0 | W21: =IF($Q21=TRUE,L21*$D$1,0) -> 0 | X21: =IF($Q21=TRUE,M21*$D$1,0) -> 0 | Y21: =IF($Q21=TRUE,N21*$D$1,0) -> 0 | ... AA21: =IF($Q21=TRUE,P21*$D$1,0) -> 0
B22: km 2D | C22: 2D Pre-stack Time Migration (PreSTM) | D22: 200-600 km | F22: FALSE | G22: 50 | H22: 55 | I22: 70 | J22: 85 | K22: 54 | L22: 34 | M22: 23 | N22: 34.25 | O22: 100 | P22: 42 | Q22: =AND($D$1>=200,$D$1<600,F22=TRUE) -> FALSE | R22: =IF($Q22=TRUE,G22*$D$1,0) -> 0 | S22: =IF($Q22=TRUE,H22*$D$1,0) -> 0 | T22: =IF($Q22=TRUE,I22*$D$1,0) -> 0 | U22: =IF($Q22=TRUE,J22*$D$1,0) -> 0 | V22: =IF($Q22=TRUE,K22*$D$1,0) -> 0 | W22: =IF($Q22=TRUE,L22*$D$1,0) -> 0 | X22: =IF($Q22=TRUE,M22*$D$1,0) -> 0 | Y22: =IF($Q22=TRUE,N22*$D$1,0) -> 0 | ... AA22: =IF($Q22=TRUE,P22*$D$1,0) -> 0
B23: km 2D | C23: 2D Pre-stack Time Migration (PreSTM) | D23: >600 km | F23: TRUE | G23: 50 | H23: 53 | I23: 65 | J23: 80 | K23: 54 | L23: 29 | M23: 21 | N23: 34.25 | O23: 95 | P23: 40 | Q23: =AND($D$1>=600,F23=TRUE) -> TRUE | R23: =IF($Q23=TRUE,G23*$D$1,0) -> 41500 | S23: =IF($Q23=TRUE,H23*$D$1,0) -> 43990 | T23: =IF($Q23=TRUE,I23*$D$1,0) -> 53950 | U23: =IF($Q23=TRUE,J23*$D$1,0) -> 66400 | V23: =IF($Q23=TRUE,K23*$D$1,0) -> 44820 | W23: =IF($Q23=TRUE,L23*$D$1,0) -> 24070 | X23: =IF($Q23=TRUE,M23*$D$1,0) -> 17430 | Y23: =IF($Q23=TRUE,N23*$D$1,0) -> 28427.5 | ... AA23: =IF($Q23=TRUE,P23*$D$1,0) -> 33200
B24: km² 3D | C24: 3D Pre-stack Time Migration (PreSTM) | D24: 0-200 km² | F24: FALSE | G24: 100 | H24: 70 | I24: 60 | J24: 119 | K24: 98.33 | L24: 40 | M24: 60 | N24: 68.49 | O24: 105 | P24: 72 | Q24: =AND($D$3>0,$D$3<200,F24=TRUE) -> FALSE | R24: =IF($Q24=TRUE,G24*$D$3,0) -> 0 | S24: =IF($Q24=TRUE,H24*$D$3,0) -> 0 | T24: =IF($Q24=TRUE,I24*$D$3,0) -> 0 | U24: =IF($Q24=TRUE,J24*$D$3,0) -> 0 | V24: =IF($Q24=TRUE,K24*$D$3,0) -> 0 | W24: =IF($Q24=TRUE,L24*$D$3,0) -> 0 | X24: =IF($Q24=TRUE,M24*$D$3,0) -> 0 | Y24: =IF($Q24=TRUE,N24*$D$3,0) -> 0 | ... AA24: =IF($Q24=TRUE,P24*$D$3,0) -> 0
B25: km² 3D | C25: 3D Pre-stack Time Migration (PreSTM) | D25: 200-500 km² | F25: FALSE | G25: 90 | H25: 65 | I25: 54 | J25: 110 | K25: 97.98 | L25: 35 | M25: 55 | N25: 68.49 | O25: 100 | P25: 70 | Q25: =AND($D$3>=200,$D$3<500,F25=TRUE) -> FALSE | R25: =IF($Q25=TRUE,G25*$D$3,0) -> 0 | S25: =IF($Q25=TRUE,H25*$D$3,0) -> 0 | T25: =IF($Q25=TRUE,I25*$D$3,0) -> 0 | U25: =IF($Q25=TRUE,J25*$D$3,0) -> 0 | V25: =IF($Q25=TRUE,K25*$D$3,0) -> 0 | W25: =IF($Q25=TRUE,L25*$D$3,0) -> 0 | X25: =IF($Q25=TRUE,M25*$D$3,0) -> 0 | Y25: =IF($Q25=TRUE,N25*$D$3,0) -> 0 | ... AA25: =IF($Q25=TRUE,P25*$D$3,0) -> 0
B26: km² 3D | C26: 3D Pre-stack Time Migration (PreSTM) | D26: >500 km² | F26: FALSE | G26: 90 | H26: 60 | I26: 48 | J26: 100 | K26: 88.04 | L26: 30 | M26: 52 | N26: 68.49 | O26: 95 | P26: 67 | Q26: =AND($D$3>=500,F26=TRUE) -> FALSE | R26: =IF($Q26=TRUE,G26*$D$3,0) -> 0 | S26: =IF($Q26=TRUE,H26*$D$3,0) -> 0 | T26: =IF($Q26=TRUE,I26*$D$3,0) -> 0 | U26: =IF($Q26=TRUE,J26*$D$3,0) -> 0 | V26: =IF($Q26=TRUE,K26*$D$3,0) -> 0 | W26: =IF($Q26=TRUE,L26*$D$3,0) -> 0 | X26: =IF($Q26=TRUE,M26*$D$3,0) -> 0 | Y26: =IF($Q26=TRUE,N26*$D$3,0) -> 0 | ... AA26: =IF($Q26=TRUE,P26*$D$3,0) -> 0
B27: km 2D | C27: 2D Tomography iteration (incl. Tomo PreSDM), UP TO 5 ITERATIONS | D27: <200 km | F27: TRUE | G27: 200 | H27: 104 | I27: 185 | J27: 125 | K27: 175 | L27: 40 | M27: 39 | N27: 221.39 | O27: 305 | P27: 147 | Q27: =AND($D$2>0,$D$2<200,F27=TRUE) -> TRUE | R27: =IF($Q27=TRUE,G27*$D$2,0) -> 25000 | S27: =IF($Q27=TRUE,H27*$D$2,0) -> 13000 | T27: =IF($Q27=TRUE,I27*$D$2,0) -> 23125 | U27: =IF($Q27=TRUE,J27*$D$2,0) -> 15625 | V27: =IF($Q27=TRUE,K27*$D$2,0) -> 21875 | W27: =IF($Q27=TRUE,L27*$D$2,0) -> 5000 | X27: =IF($Q27=TRUE,M27*$D$2,0) -> 4875 | Y27: =IF($Q27=TRUE,N27*$D$2,0) -> 27673.75 | ... AA27: =IF($Q27=TRUE,P27*$D$2,0) -> 18375
B28: km 2D | C28: 2D Tomography iteration (incl. Tomo PreSDM), UP TO 5 ITERATIONS | D28: 200-600 km | F28: FALSE | G28: 200 | H28: 99 | I28: 180 | J28: 119 | K28: 170 | L28: 40 | M28: 35 | N28: 221.39 | O28: 290 | P28: 150 | Q28: =AND($D$2>=200,$D$2<600,F28=TRUE) -> FALSE | R28: =IF($Q28=TRUE,G28*$D$2,0) -> 0 | S28: =IF($Q28=TRUE,H28*$D$2,0) -> 0 | T28: =IF($Q28=TRUE,I28*$D$2,0) -> 0 | U28: =IF($Q28=TRUE,J28*$D$2,0) -> 0 | V28: =IF($Q28=TRUE,K28*$D$2,0) -> 0 | W28: =IF($Q28=TRUE,L28*$D$2,0) -> 0 | X28: =IF($Q28=TRUE,M28*$D$2,0) -> 0 | Y28: =IF($Q28=TRUE,N28*$D$2,0) -> 0 | ... AA28: =IF($Q28=TRUE,P28*$D$2,0) -> 0
B29: km 2D | C29: 2D Tomography iteration (incl. Tomo PreSDM), UP TO 5 ITERATIONS | D29: >600 km | F29: FALSE | G29: 200 | H29: 94 | I29: 170 | J29: 113 | K29: 165 | L29: 35 | M29: 32 | N29: 221.39 | O29: 280 | P29: 157 | Q29: =AND($D$2>=600,F29=TRUE) -> FALSE | R29: =IF($Q29=TRUE,G29*$D$2,0) -> 0 | S29: =IF($Q29=TRUE,H29*$D$2,0) -> 0 | T29: =IF($Q29=TRUE,I29*$D$2,0) -> 0 | U29: =IF($Q29=TRUE,J29*$D$2,0) -> 0 | V29: =IF($Q29=TRUE,K29*$D$2,0) -> 0 | W29: =IF($Q29=TRUE,L29*$D$2,0) -> 0 | X29: =IF($Q29=TRUE,M29*$D$2,0) -> 0 | Y29: =IF($Q29=TRUE,N29*$D$2,0) -> 0 | ... AA29: =IF($Q29=TRUE,P29*$D$2,0) -> 0
B30: km² 3D | C30: 3D Tomography iteration (incl. Tomo PreSDM), UP TO 5 ITERATIONS | D30: 0-200 km² | F30: FALSE | G30: 275 | H30: 260 | I30: 250 | J30: 275 | K30: 198 | L30: 50 | M30: 102 | N30: 306.54 | O30: 305 | P30: 285 | Q30: =AND($D$4>0,$D$4<200,F30=TRUE) -> FALSE | R30: =IF($Q30=TRUE,G30*$D$4,0) -> 0 | S30: =IF($Q30=TRUE,H30*$D$4,0) -> 0 | T30: =IF($Q30=TRUE,I30*$D$4,0) -> 0 | U30: =IF($Q30=TRUE,J30*$D$4,0) -> 0 | V30: =IF($Q30=TRUE,K30*$D$4,0) -> 0 | W30: =IF($Q30=TRUE,L30*$D$4,0) -> 0 | X30: =IF($Q30=TRUE,M30*$D$4,0) -> 0 | Y30: =IF($Q30=TRUE,N30*$D$4,0) -> 0 | ... AA30: =IF($Q30=TRUE,P30*$D$4,0) -> 0
B31: km² 3D | C31: 3D Tomography iteration (incl. Tomo PreSDM), UP TO 5 ITERATIONS | D31: 200-500 km² | F31: FALSE | G31: 250 | H31: 245 | I31: 230 | J31: 263 | K31: 198 | L31: 45 | M31: 94 | N31: 306.54 | O31: 295 | P31: 257 | Q31: =AND($D$4>=200,$D$4<500,F31=TRUE) -> FALSE | R31: =IF($Q31=TRUE,G31*$D$4,0) -> 0 | S31: =IF($Q31=TRUE,H31*$D$4,0) -> 0 | T31: =IF($Q31=TRUE,I31*$D$4,0) -> 0 | U31: =IF($Q31=TRUE,J31*$D$4,0) -> 0 | V31: =IF($Q31=TRUE,K31*$D$4,0) -> 0 | W31: =IF($Q31=TRUE,L31*$D$4,0) -> 0 | X31: =IF($Q31=TRUE,M31*$D$4,0) -> 0 | Y31: =IF($Q31=TRUE,N31*$D$4,0) -> 0 | ... AA31: =IF($Q31=TRUE,P31*$D$4,0) -> 0
B32: km² 3D | C32: 3D Tomography iteration (incl. Tomo PreSDM), UP TO 5 ITERATIONS | D32: >500 km² | F32: FALSE | G32: 200 | H32: 235 | I32: 220 | J32: 238 | K32: 179 | L32: 40 | M32: 81.5 | N32: 306.54 | O32: 285 | P32: 237 | Q32: =AND($D$4>=500,F32=TRUE) -> FALSE | R32: =IF($Q32=TRUE,G32*$D$4,0) -> 0 | S32: =IF($Q32=TRUE,H32*$D$4,0) -> 0 | T32: =IF($Q32=TRUE,I32*$D$4,0) -> 0 | U32: =IF($Q32=TRUE,J32*$D$4,0) -> 0 | V32: =IF($Q32=TRUE,K32*$D$4,0) -> 0 | W32: =IF($Q32=TRUE,L32*$D$4,0) -> 0 | X32: =IF($Q32=TRUE,M32*$D$4,0) -> 0 | Y32: =IF($Q32=TRUE,N32*$D$4,0) -> 0 | ... AA32: =IF($Q32=TRUE,P32*$D$4,0) -> 0
B33: km 2D | C33: 2D Additional Tomography iteration (incl. Tomo PreSDM for iteration) | D33: <200 km | F33: TRUE | G33: 25 | H33: 10.5 | I33: 50 | J33: 48 | K33: 20 | L33: 25 | M33: 6.5 | N33: 73.8 | O33: 60 | P33: 35 | Q33: =AND($D$2>0,$D$2<200,F33=TRUE) -> TRUE | R33: =IF($Q33=TRUE,G33*$D$2*($D$5-5),0) -> 3125 | S33: =IF($Q33=TRUE,H33*$D$2*($D$5-5),0) -> 1312.5 | T33: =IF($Q33=TRUE,I33*$D$2*($D$5-5),0) -> 6250 | U33: =IF($Q33=TRUE,J33*$D$2*($D$5-5),0) -> 6000 | V33: =IF($Q33=TRUE,K33*$D$2*($D$5-5),0) -> 2500 | W33: =IF($Q33=TRUE,L33*$D$2*($D$5-5),0) -> 3125 | X33: =IF($Q33=TRUE,M33*$D$2*($D$5-5),0) -> 812.5 | Y33: =IF($Q33=TRUE,N33*$D$2*($D$5-5),0) -> 9225 | ... AA33: =IF($Q33=TRUE,P33*$D$2*($D$5-5),0) -> 4375
B34: km 2D | C34: 2D Additional Tomography iteration (incl. Tomo PreSDM for iteration) | D34: 200-600 km | F34: FALSE | G34: 25 | H34: 10 | I34: 40 | J34: 45 | K34: 20 | L34: 20 | M34: 6 | N34: 73.8 | O34: 55 | P34: 35 | Q34: =AND($D$2>=200,$D$2<600,F34=TRUE) -> FALSE | R34: =IF($Q34=TRUE,G34*$D$2*($D$5-5),0) -> 0 | S34: =IF($Q34=TRUE,H34*$D$2*($D$5-5),0) -> 0 | T34: =IF($Q34=TRUE,I34*$D$2*($D$5-5),0) -> 0 | U34: =IF($Q34=TRUE,J34*$D$2*($D$5-5),0) -> 0 | V34: =IF($Q34=TRUE,K34*$D$2*($D$5-5),0) -> 0 | W34: =IF($Q34=TRUE,L34*$D$2*($D$5-5),0) -> 0 | X34: =IF($Q34=TRUE,M34*$D$2*($D$5-5),0) -> 0 | Y34: =IF($Q34=TRUE,N34*$D$2*($D$5-5),0) -> 0 | ... AA34: =IF($Q34=TRUE,P34*$D$2*($D$5-5),0) -> 0
B35: km 2D | C35: 2D Additional Tomography iteration (incl. Tomo PreSDM for iteration) | D35: >600 km | F35: FALSE | G35: 25 | H35: 9 | I35: 35 | J35: 38 | K35: 20 | L35: 20 | M35: 5 | N35: 73.8 | O35: 50 | P35: 35 | Q35: =AND($D$2>=600,F35=TRUE) -> FALSE | R35: =IF($Q35=TRUE,G35*$D$2*($D$5-5),0) -> 0 | S35: =IF($Q35=TRUE,H35*$D$2*($D$5-5),0) -> 0 | T35: =IF($Q35=TRUE,I35*$D$2*($D$5-5),0) -> 0 | U35: =IF($Q35=TRUE,J35*$D$2*($D$5-5),0) -> 0 | V35: =IF($Q35=TRUE,K35*$D$2*($D$5-5),0) -> 0 | W35: =IF($Q35=TRUE,L35*$D$2*($D$5-5),0) -> 0 | X35: =IF($Q35=TRUE,M35*$D$2*($D$5-5),0) -> 0 | Y35: =IF($Q35=TRUE,N35*$D$2*($D$5-5),0) -> 0 | ... AA35: =IF($Q35=TRUE,P35*$D$2*($D$5-5),0) -> 0
B36: km² 3D | C36: 3D Additional Tomography iteration (incl. Tomo PreSDM for iteration) | D36: 0-200 km² | F36: FALSE | G36: 60 | H36: 26 | I36: 65 | J36: 74 | K36: 20 | L36: 20 | M36: 18.5 | N36: 102.18 | O36: 60 | P36: 55 | Q36: =AND($D$4>0,$D$4<200,F36=TRUE) -> FALSE | R36: =IF($Q36=TRUE,G36*$D$4*($D$6-5),0) -> 0 | S36: =IF($Q36=TRUE,H36*$D$4*($D$6-5),0) -> 0 | T36: =IF($Q36=TRUE,I36*$D$4*($D$6-5),0) -> 0 | U36: =IF($Q36=TRUE,J36*$D$4*($D$6-5),0) -> 0 | V36: =IF($Q36=TRUE,K36*$D$4*($D$6-5),0) -> 0 | W36: =IF($Q36=TRUE,L36*$D$4*($D$6-5),0) -> 0 | X36: =IF($Q36=TRUE,M36*$D$4*($D$6-5),0) -> 0 | Y36: =IF($Q36=TRUE,N36*$D$4*($D$6-5),0) -> 0 | ... AA36: =IF($Q36=TRUE,P36*$D$4*($D$6-5),0) -> 0
B37: km² 3D | C37: 3D Additional Tomography iteration (incl. Tomo PreSDM for iteration) | D37: 200-500 km² | F37: FALSE | G37: 50 | H37: 25 | I37: 60 | J37: 71 | K37: 20 | L37: 20 | M37: 16 | N37: 102.18 | O37: 55 | P37: 51 | Q37: =AND($D$4>=200,$D$4<500,F37=TRUE) -> FALSE | R37: =IF($Q37=TRUE,G37*$D$4*($D$6-5),0) -> 0 | S37: =IF($Q37=TRUE,H37*$D$4*($D$6-5),0) -> 0 | T37: =IF($Q37=TRUE,I37*$D$4*($D$6-5),0) -> 0 | U37: =IF($Q37=TRUE,J37*$D$4*($D$6-5),0) -> 0 | V37: =IF($Q37=TRUE,K37*$D$4*($D$6-5),0) -> 0 | W37: =IF($Q37=TRUE,L37*$D$4*($D$6-5),0) -> 0 | X37: =IF($Q37=TRUE,M37*$D$4*($D$6-5),0) -> 0 | Y37: =IF($Q37=TRUE,N37*$D$4*($D$6-5),0) -> 0 | ... AA37: =IF($Q37=TRUE,P37*$D$4*($D$6-5),0) -> 0
B38: km² 3D | C38: 3D Additional Tomography iteration (incl. Tomo PreSDM for iteration) | D38: >500 km² | F38: FALSE | G38: 40 | H38: 23.5 | I38: 55 | J38: 69 | K38: 18 | L38: 20 | M38: 13.5 | N38: 102.18 | O38: 50 | P38: 47 | Q38: =AND($D$4>=500,F38=TRUE) -> FALSE | R38: =IF($Q38=TRUE,G38*$D$4*($D$6-5),0) -> 0 | S38: =IF($Q38=TRUE,H38*$D$4*($D$6-5),0) -> 0 | T38: =IF($Q38=TRUE,I38*$D$4*($D$6-5),0) -> 0 | U38: =IF($Q38=TRUE,J38*$D$4*($D$6-5),0) -> 0 | V38: =IF($Q38=TRUE,K38*$D$4*($D$6-5),0) -> 0 | W38: =IF($Q38=TRUE,L38*$D$4*($D$6-5),0) -> 0 | X38: =IF($Q38=TRUE,M38*$D$4*($D$6-5),0) -> 0 | Y38: =IF($Q38=TRUE,N38*$D$4*($D$6-5),0) -> 0 | ... AA38: =IF($Q38=TRUE,P38*$D$4*($D$6-5),0) -> 0
B39: km 2D | C39: 2D Pre-stack Depth Migration (PreSDM) | D39: <200 km | F39: TRUE | G39: 75 | H39: 47 | I39: 95 | J39: 56 | K39: 94.28 | L39: 50 | M39: 62 | N39: 51.23 | O39: 105 | P39: 97 | Q39: =AND($D$2>0,$D$2<200,F39=TRUE) -> TRUE | R39: =IF($Q39=TRUE,G39*$D$2,0) -> 9375 | S39: =IF($Q39=TRUE,H39*$D$2,0) -> 5875 | T39: =IF($Q39=TRUE,I39*$D$2,0) -> 11875 | U39: =IF($Q39=TRUE,J39*$D$2,0) -> 7000 | V39: =IF($Q39=TRUE,K39*$D$2,0) -> 11785 | W39: =IF($Q39=TRUE,L39*$D$2,0) -> 6250 | X39: =IF($Q39=TRUE,M39*$D$2,0) -> 7750 | Y39: =IF($Q39=TRUE,N39*$D$2,0) -> 6403.75 | ... AA39: =IF($Q39=TRUE,P39*$D$2,0) -> 12125
B40: km 2D | C40: 2D Pre-stack Depth Migration (PreSDM) | D40: 200-600 km | F40: FALSE | G40: 75 | H40: 45 | I40: 90 | J40: 54 | K40: 94.28 | L40: 40 | M40: 53 | N40: 51.23 | O40: 100 | P40: 87 | Q40: =AND($D$2>=200,$D$2<600,F40=TRUE) -> FALSE | R40: =IF($Q40=TRUE,G40*$D$2,0) -> 0 | S40: =IF($Q40=TRUE,H40*$D$2,0) -> 0 | T40: =IF($Q40=TRUE,I40*$D$2,0) -> 0 | U40: =IF($Q40=TRUE,J40*$D$2,0) -> 0 | V40: =IF($Q40=TRUE,K40*$D$2,0) -> 0 | W40: =IF($Q40=TRUE,L40*$D$2,0) -> 0 | X40: =IF($Q40=TRUE,M40*$D$2,0) -> 0 | Y40: =IF($Q40=TRUE,N40*$D$2,0) -> 0 | ... AA40: =IF($Q40=TRUE,P40*$D$2,0) -> 0
B41: km 2D | C41: 2D Pre-stack Depth Migration (PreSDM) | D41: >600 km | F41: FALSE | G41: 75 | H41: 42.5 | I41: 80 | J41: 50 | K41: 94.28 | L41: 35 | M41: 48 | N41: 51.23 | O41: 95 | P41: 81 | Q41: =AND($D$2>=600,F41=TRUE) -> FALSE | R41: =IF($Q41=TRUE,G41*$D$2,0) -> 0 | S41: =IF($Q41=TRUE,H41*$D$2,0) -> 0 | T41: =IF($Q41=TRUE,I41*$D$2,0) -> 0 | U41: =IF($Q41=TRUE,J41*$D$2,0) -> 0 | V41: =IF($Q41=TRUE,K41*$D$2,0) -> 0 | W41: =IF($Q41=TRUE,L41*$D$2,0) -> 0 | X41: =IF($Q41=TRUE,M41*$D$2,0) -> 0 | Y41: =IF($Q41=TRUE,N41*$D$2,0) -> 0 | ... AA41: =IF($Q41=TRUE,P41*$D$2,0) -> 0
B42: km² 3D | C42: 3D Pre-stack Depth Migration (PreSDM) | D42: 0-200 km² | F42: FALSE | G42: 150 | H42: 94.5 | I42: 145 | J42: 106 | K42: 112.57 | L42: 60 | M42: 143 | N42: 89.18 | O42: 105 | P42: 177 | Q42: =AND($D$4>0,$D$4<200,F42=TRUE) -> FALSE | R42: =IF($Q42=TRUE,G42*$D$4,0) -> 0 | S42: =IF($Q42=TRUE,H42*$D$4,0) -> 0 | T42: =IF($Q42=TRUE,I42*$D$4,0) -> 0 | U42: =IF($Q42=TRUE,J42*$D$4,0) -> 0 | V42: =IF($Q42=TRUE,K42*$D$4,0) -> 0 | W42: =IF($Q42=TRUE,L42*$D$4,0) -> 0 | X42: =IF($Q42=TRUE,M42*$D$4,0) -> 0 | Y42: =IF($Q42=TRUE,N42*$D$4,0) -> 0 | ... AA42: =IF($Q42=TRUE,P42*$D$4,0) -> 0
B43: km² 3D | C43: 3D Pre-stack Depth Migration (PreSDM) | D43: 200-500 km² | F43: FALSE | G43: 150 | H43: 90 | I43: 140 | J43: 104 | K43: 139.87 | L43: 55 | M43: 131 | N43: 89.18 | O43: 100 | P43: 167 | Q43: =AND($D$4>=200,$D$4<500,F43=TRUE) -> FALSE | R43: =IF($Q43=TRUE,G43*$D$4,0) -> 0 | S43: =IF($Q43=TRUE,H43*$D$4,0) -> 0 | T43: =IF($Q43=TRUE,I43*$D$4,0) -> 0 | U43: =IF($Q43=TRUE,J43*$D$4,0) -> 0 | V43: =IF($Q43=TRUE,K43*$D$4,0) -> 0 | W43: =IF($Q43=TRUE,L43*$D$4,0) -> 0 | X43: =IF($Q43=TRUE,M43*$D$4,0) -> 0 | Y43: =IF($Q43=TRUE,N43*$D$4,0) -> 0 | ... AA43: =IF($Q43=TRUE,P43*$D$4,0) -> 0
B44: km² 3D | C44: 3D Pre-stack Depth Migration (PreSDM) | D44: >500 km² | F44: FALSE | G44: 150 | H44: 85.5 | I44: 130 | J44: 100 | K44: 126.38 | L44: 50 | M44: 124 | N44: 89.18 | O44: 95 | P44: 161 | Q44: =AND($D$4>=500,F44=TRUE) -> FALSE | R44: =IF($Q44=TRUE,G44*$D$4,0) -> 0 | S44: =IF($Q44=TRUE,H44*$D$4,0) -> 0 | T44: =IF($Q44=TRUE,I44*$D$4,0) -> 0 | U44: =IF($Q44=TRUE,J44*$D$4,0) -> 0 | V44: =IF($Q44=TRUE,K44*$D$4,0) -> 0 | W44: =IF($Q44=TRUE,L44*$D$4,0) -> 0 | X44: =IF($Q44=TRUE,M44*$D$4,0) -> 0 | Y44: =IF($Q44=TRUE,N44*$D$4,0) -> 0 | ... AA44: =IF($Q44=TRUE,P44*$D$4,0) -> 0
B45: km 2D | C45: 2D Post-processing & AVO/AVA preconditioning | D45: <200 km | F45: FALSE | G45: 50 | H45: 50 | I45: 50 | J45: 30 | K45: 25 | L45: 40 | M45: 50.5 | N45: 54.15 | O45: 15 | P45: 15 | Q45: =AND($D$1>0,$D$1<200,F45=TRUE) -> FALSE | R45: =IF($Q45=TRUE,G45*$D$1,0) -> 0 | S45: =IF($Q45=TRUE,H45*$D$1,0) -> 0 | T45: =IF($Q45=TRUE,I45*$D$1,0) -> 0 | U45: =IF($Q45=TRUE,J45*$D$1,0) -> 0 | V45: =IF($Q45=TRUE,K45*$D$1,0) -> 0 | W45: =IF($Q45=TRUE,L45*$D$1,0) -> 0 | X45: =IF($Q45=TRUE,M45*$D$1,0) -> 0 | Y45: =IF($Q45=TRUE,N45*$D$1,0) -> 0 | ... AA45: =IF($Q45=TRUE,P45*$D$1,0) -> 0
B46: km 2D | C46: 2D Post-processing & AVO/AVA preconditioning | D46: 200-600 km | F46: FALSE | G46: 40 | H46: 42 | I46: 45 | J46: 28 | K46: 25 | L46: 36 | M46: 40 | N46: 54.15 | O46: 15 | P46: 15 | Q46: =AND($D$1>=200,$D$1<600,F46=TRUE) -> FALSE | R46: =IF($Q46=TRUE,G46*$D$1,0) -> 0 | S46: =IF($Q46=TRUE,H46*$D$1,0) -> 0 | T46: =IF($Q46=TRUE,I46*$D$1,0) -> 0 | U46: =IF($Q46=TRUE,J46*$D$1,0) -> 0 | V46: =IF($Q46=TRUE,K46*$D$1,0) -> 0 | W46: =IF($Q46=TRUE,L46*$D$1,0) -> 0 | X46: =IF($Q46=TRUE,M46*$D$1,0) -> 0 | Y46: =IF($Q46=TRUE,N46*$D$1,0) -> 0 | ... AA46: =IF($Q46=TRUE,P46*$D$1,0) -> 0
B47: km 2D | C47: 2D Post-processing & AVO/AVA preconditioning | D47: >600 km | F47: FALSE | G47: 40 | H47: 40 | I47: 40 | J47: 26 | K47: 25 | L47: 32 | M47: 35 | N47: 54.15 | O47: 15 | P47: 15 | Q47: =AND($D$1>=600,F47=TRUE) -> FALSE | R47: =IF($Q47=TRUE,G47*$D$1,0) -> 0 | S47: =IF($Q47=TRUE,H47*$D$1,0) -> 0 | T47: =IF($Q47=TRUE,I47*$D$1,0) -> 0 | U47: =IF($Q47=TRUE,J47*$D$1,0) -> 0 | V47: =IF($Q47=TRUE,K47*$D$1,0) -> 0 | W47: =IF($Q47=TRUE,L47*$D$1,0) -> 0 | X47: =IF($Q47=TRUE,M47*$D$1,0) -> 0 | Y47: =IF($Q47=TRUE,N47*$D$1,0) -> 0 | ... AA47: =IF($Q47=TRUE,P47*$D$1,0) -> 0
B48: km² 3D | C48: 3D Post-processing & AVO/AVA preconditioning | D48: 0-200 km² | F48: FALSE | G48: 60 | H48: 65 | I48: 75 | J48: 68 | K48: 25 | L48: 60 | M48: 66 | N48: 119.12 | O48: 15 | P48: 22 | Q48: =AND($D$3>0,$D$3<200,F48=TRUE) -> FALSE | R48: =IF($Q48=TRUE,G48*$D$3,0) -> 0 | S48: =IF($Q48=TRUE,H48*$D$3,0) -> 0 | T48: =IF($Q48=TRUE,I48*$D$3,0) -> 0 | U48: =IF($Q48=TRUE,J48*$D$3,0) -> 0 | V48: =IF($Q48=TRUE,K48*$D$3,0) -> 0 | W48: =IF($Q48=TRUE,L48*$D$3,0) -> 0 | X48: =IF($Q48=TRUE,M48*$D$3,0) -> 0 | Y48: =IF($Q48=TRUE,N48*$D$3,0) -> 0 | ... AA48: =IF($Q48=TRUE,P48*$D$3,0) -> 0
B49: km² 3D | C49: 3D Post-processing & AVO/AVA preconditioning | D49: 200-500 km² | F49: FALSE | G49: 60 | H49: 60 | I49: 70 | J49: 65 | K49: 25 | L49: 54 | M49: 59 | N49: 119.12 | O49: 15 | P49: 22 | Q49: =AND($D$3>=200,$D$3<500,F49=TRUE) -> FALSE | R49: =IF($Q49=TRUE,G49*$D$3,0) -> 0 | S49: =IF($Q49=TRUE,H49*$D$3,0) -> 0 | T49: =IF($Q49=TRUE,I49*$D$3,0) -> 0 | U49: =IF($Q49=TRUE,J49*$D$3,0) -> 0 | V49: =IF($Q49=TRUE,K49*$D$3,0) -> 0 | W49: =IF($Q49=TRUE,L49*$D$3,0) -> 0 | X49: =IF($Q49=TRUE,M49*$D$3,0) -> 0 | Y49: =IF($Q49=TRUE,N49*$D$3,0) -> 0 | ... AA49: =IF($Q49=TRUE,P49*$D$3,0) -> 0
B50: km² 3D | C50: 3D Post-processing & AVO/AVA preconditioning | D50: >500 km² | F50: FALSE | G50: 60 | H50: 55 | I50: 60 | J50: 61 | K50: 23 | L50: 48 | M50: 56 | N50: 119.12 | O50: 15 | P50: 22 | Q50: =AND($D$3>=500,F50=TRUE) -> FALSE | R50: =IF($Q50=TRUE,G50*$D$3,0) -> 0 | S50: =IF($Q50=TRUE,H50*$D$3,0) -> 0 | T50: =IF($Q50=TRUE,I50*$D$3,0) -> 0 | U50: =IF($Q50=TRUE,J50*$D$3,0) -> 0 | V50: =IF($Q50=TRUE,K50*$D$3,0) -> 0 | W50: =IF($Q50=TRUE,L50*$D$3,0) -> 0 | X50: =IF($Q50=TRUE,M50*$D$3,0) -> 0 | Y50: =IF($Q50=TRUE,N50*$D$3,0) -> 0 | ... AA50: =IF($Q50=TRUE,P50*$D$3,0) -> 0
C51: Reservoir Characterization: AVO/AVA, Inversion (QI), Geomechanics, PPP | F51: FALSE
C52: VSP Processing | F52: FALSE
C53: Checkshot | F53: FALSE | K53: 6000 | M53: 7866 | N53: 7000
C54: VSP Zero Offset | F54: FALSE | K54: 15000 | M54: 16900 | N54: 16000
C55: VSP Offset | F55: FALSE | K55: 21000 | M55: 39900 | N55: 11000
C56: VSP Walkaway | F56: FALSE | K56: 33000 | M56: 50562 | N56: 30000
C57: Costo de la orden de servicio (PSTM y PSDM) | G57: =R57 -> 203500 | I57: =T57 -> 178200 | K57: =V57 -> 218560.8 | L57: =W57 -> 80775 | M57: =X57 -> 65727.5 | O57: =Z57 -> 273720 | P57: =AA57 -> 138625 | R57: =SUM(R9:R56) -> 203500 | S57: =SUM(S9:S56) -> 182660 | T57: =SUM(T9:T56) -> 178200 | U57: =SUM(U9:U56) -> 201265 | V57: =SUM(V9:V56) -> 218560.8 | W57: =SUM(W9:W56) -> 80775 | X57: =SUM(X9:X56) -> 65727.5 | Y57: =SUM(Y9:Y56) -> 310977.5 | ... AA57: =SUM(AA9:AA56) -> 138625
C58: Costo de la orden de servicio (solo preprocesamiento) | G58: =R58 -> 124500 | H58: =S58 -> 118482.5 | I58: =T58 -> 83000 | J58: =U58 -> 106240 | K58: =V58 -> 137580.8 | L58: =W58 -> 42330 | M58: =X58 -> 34860 | N58: =Y58 -> 239247.5 | ... P58: =AA58 -> 70550 | R58: =SUM(R9:R20) -> 124500 | S58: =SUM(S9:S20) -> 118482.5 | T58: =SUM(T9:T20) -> 83000 | U58: =SUM(U9:U20) -> 106240 | V58: =SUM(V9:V20) -> 137580.8 | W58: =SUM(W9:W20) -> 42330 | X58: =SUM(X9:X20) -> 34860 | Y58: =SUM(Y9:Y20) -> 239247.5 | ... AA58: =SUM(AA9:AA20) -> 70550
C59: Costo de la orden de servicio (solo PSTM) | G59: =R59 -> 41500 | H59: =S59 -> 43990 | I59: =T59 -> 53950 | J59: =U59 -> 66400 | K59: =V59 -> 44820 | L59: =W59 -> 24070 | M59: =X59 -> 17430 | N59: =Y59 -> 28427.5 | ... P59: =AA59 -> 33200 | R59: =SUM(R21:R26) -> 41500 | S59: =SUM(S21:S26) -> 43990 | T59: =SUM(T21:T26) -> 53950 | U59: =SUM(U21:U26) -> 66400 | V59: =SUM(V21:V26) -> 44820 | W59: =SUM(W21:W26) -> 24070 | X59: =SUM(X21:X26) -> 17430 | Y59: =SUM(Y21:Y26) -> 28427.5 | ... AA59: =SUM(AA21:AA26) -> 33200
C60: Costo de la orden de servicio ( solo PSDM) | G60: =R60 -> 37500 | H60: =S60 -> 20187.5 | I60: =T60 -> 41250 | J60: =U60 -> 28625 | K60: =V60 -> 36160 | L60: =W60 -> 14375 | M60: =X60 -> 13437.5 | N60: =Y60 -> 43302.5 | ... P60: =AA60 -> 34875 | R60: =SUM(R27:R44) -> 37500 | S60: =SUM(S27:S44) -> 20187.5 | T60: =SUM(T27:T44) -> 41250 | U60: =SUM(U27:U44) -> 28625 | V60: =SUM(V27:V44) -> 36160 | W60: =SUM(W27:W44) -> 14375 | X60: =SUM(X27:X44) -> 13437.5 | Y60: =SUM(Y27:Y44) -> 43302.5 | ... AA60: =SUM(AA27:AA44) -> 34875
C61: Costo de la orden de servicio (solo AVO/AVA preconditioning) | G61: =R61 -> 0 | H61: =S61 -> 0 | I61: =T61 -> 0 | J61: =U61 -> 0 | K61: =V61 -> 0 | L61: =W61 -> 0 | M61: =X61 -> 0 | N61: =Y61 -> 0 | ... P61: =AA61 -> 0 | R61: =SUM(R45:R50) -> 0 | S61: =SUM(S45:S50) -> 0 | T61: =SUM(T45:T50) -> 0 | U61: =SUM(U45:U50) -> 0 | V61: =SUM(V45:V50) -> 0 | W61: =SUM(W45:W50) -> 0 | X61: =SUM(X45:X50) -> 0 | Y61: =SUM(Y45:Y50) -> 0 | ... AA61: =SUM(AA45:AA50) -> 0
G62: Absolute | H62: AGT | I62: EGS | J62: GT | K62: Geotomo | L62: Inforpetrol | M62: Petroseis | N62: Schlumberger | O62: Tecc | P62: Z-Terra
G63: =1-(G57/$G$64) -> -0.22896195 | H63: =1-(H57/$G$64) -> 1 | I63: =1-(I57/$G$64) -> -0.076172088 | J63: =1-(J57/$G$64) -> 1 | K63: =1-(K57/$G$64) -> -0.31991601 | L63: =1-(L57/$G$64) -> 0.51218967 | M63: =1-(M57/$G$64) -> 0.60306341 | N63: =1-(N57/$G$64) -> 1 | ... P63: =1-(P57/$G$64) -> 0.16282629
C64: Promedio | G64: =AVERAGE(G57:P57) -> 165586.9
C65: Promedio más 10% | G65: =G64*1.1 -> 182145.59
C66: Promedio más 20% | G66: =G64*1.2 -> 198704.28
G67: =G64*0.5 -> 82793.45

Sheet Tecnologías avanzadas
C1: Tamaño del proyecto 2D (km) | D1: 0 | AE1: TRUE
C2: Tamaño del proyecto 3D (km²) | D2: 174.8 | AE2: FALSE
C3: Número de tomografías 2D | D3: 0
C4: Número de tomografías 3D | D4: 5
G5: Absolute | H5: AGT | I5: EGS | J5: GT | K5: Geotomo | L5: Inforpetrol | M5: Petroseis | N5: Schlumberger | O5: Tecc | P5: Z-Terra | R5: Absolute | S5: AGT | T5: EGS | U5: GT | V5: Geotomo | W5: Inforpetrol | X5: Petroseis | Y5: Schlumberger | Z5: Tecc | AA5: Z-Terra
B6: UNIDAD | C6: DESCRIPCION AMPLIADA DEL SERVICIO | D6: Project Size | F6: Aplica | G6: VR UNIT USD $ | H6: VR UNIT USD $ | I6: VR UNIT USD $ | J6: VR UNIT USD $ | K6: VR UNIT USD $ | L6: VR UNIT USD $ | M6: VR UNIT USD $ | N6: VR UNIT USD $ | O6: VR UNIT USD $ | P6: VR UNIT USD $ | Q6: Aplica 2 | R6: Costo por servicio | S6: Costo por servicio | T6: Costo por servicio | U6: Costo por servicio | V6: Costo por servicio | W6: Costo por servicio | X6: Costo por servicio | Y6: Costo por servicio | Z6: Costo por servicio | AA6: Costo por servicio
A7: Time-domain preprocessing | B7: km 2D | C7: 5D Hybrid Trace Interpolation (5D HI) | F7: FALSE | J7: 30 | Q7: =AND($D$1>0,F7=TRUE) -> FALSE | R7: =IF($Q7=TRUE,G7*$D$1,0) -> 0 | S7: =IF($Q7=TRUE,H7*$D$1,0) -> 0 | T7: =IF($Q7=TRUE,I7*$D$1,0) -> 0 | U7: =IF($Q7=TRUE,J7*$D$1,0) -> 0 | V7: =IF($Q7=TRUE,K7*$D$1,0) -> 0 | W7: =IF($Q7=TRUE,L7*$D$1,0) -> 0 | X7: =IF($Q7=TRUE,M7*$D$1,0) -> 0 | Y7: =IF($Q7=TRUE,N7*$D$1,0) -> 0 | ... AA7: =IF($Q7=TRUE,P7*$D$1,0) -> 0
B8: km² 3D | C8: 5D Hybrid Trace Interpolation (5D HI) | F8: FALSE | J8: 41 | Q8: =AND($D$2>0,F8=TRUE) -> FALSE | R8: =IF($Q8=TRUE,G8*$D$2,0) -> 0 | S8: =IF($Q8=TRUE,H8*$D$2,0) -> 0 | T8: =IF($Q8=TRUE,I8*$D$2,0) -> 0 | U8: =IF($Q8=TRUE,J8*$D$2,0) -> 0 | V8: =IF($Q8=TRUE,K8*$D$2,0) -> 0 | W8: =IF($Q8=TRUE,L8*$D$2,0) -> 0 | X8: =IF($Q8=TRUE,M8*$D$2,0) -> 0 | Y8: =IF($Q8=TRUE,N8*$D$2,0) -> 0 | ... AA8: =IF($Q8=TRUE,P8*$D$2,0) -> 0
B9: km 2D | C9: Interpolation 5D | F9: FALSE | Q9: =AND($D$1>0,F9=TRUE) -> FALSE | R9: =IF($Q9=TRUE,G9*$D$1,0) -> 0 | S9: =IF($Q9=TRUE,H9*$D$1,0) -> 0 | T9: =IF($Q9=TRUE,I9*$D$1,0) -> 0 | U9: =IF($Q9=TRUE,J9*$D$1,0) -> 0 | V9: =IF($Q9=TRUE,K9*$D$1,0) -> 0 | W9: =IF($Q9=TRUE,L9*$D$1,0) -> 0 | X9: =IF($Q9=TRUE,M9*$D$1,0) -> 0 | Y9: =IF($Q9=TRUE,N9*$D$1,0) -> 0 | ... AA9: =IF($Q9=TRUE,P9*$D$1,0) -> 0
B10: km² 3D | C10: Interpolation 5D | F10: FALSE | L10: 10 | Q10: =AND($D$2>0,F10=TRUE) -> FALSE | R10: =IF($Q10=TRUE,G10*$D$2,0) -> 0 | S10: =IF($Q10=TRUE,H10*$D$2,0) -> 0 | T10: =IF($Q10=TRUE,I10*$D$2,0) -> 0 | U10: =IF($Q10=TRUE,J10*$D$2,0) -> 0 | V10: =IF($Q10=TRUE,K10*$D$2,0) -> 0 | W10: =IF($Q10=TRUE,L10*$D$2,0) -> 0 | X10: =IF($Q10=TRUE,M10*$D$2,0) -> 0 | Y10: =IF($Q10=TRUE,N10*$D$2,0) -> 0 | ... AA10: =IF($Q10=TRUE,P10*$D$2,0) -> 0
B11: km 2D | C11: 6D Interpolation | F11: FALSE | P11: 20 | Q11: =AND($D$1>0,F11=TRUE) -> FALSE | R11: =IF($Q11=TRUE,G11*$D$1,0) -> 0 | S11: =IF($Q11=TRUE,H11*$D$1,0) -> 0 | T11: =IF($Q11=TRUE,I11*$D$1,0) -> 0 | U11: =IF($Q11=TRUE,J11*$D$1,0) -> 0 | V11: =IF($Q11=TRUE,K11*$D$1,0) -> 0 | W11: =IF($Q11=TRUE,L11*$D$1,0) -> 0 | X11: =IF($Q11=TRUE,M11*$D$1,0) -> 0 | Y11: =IF($Q11=TRUE,N11*$D$1,0) -> 0 | ... AA11: =IF($Q11=TRUE,P11*$D$1,0) -> 0
B12: km² 3D | C12: 6D Interpolation | F12: FALSE | P12: 22 | Q12: =AND($D$2>0,F12=TRUE) -> FALSE | R12: =IF($Q12=TRUE,G12*$D$2,0) -> 0 | S12: =IF($Q12=TRUE,H12*$D$2,0) -> 0 | T12: =IF($Q12=TRUE,I12*$D$2,0) -> 0 | U12: =IF($Q12=TRUE,J12*$D$2,0) -> 0 | V12: =IF($Q12=TRUE,K12*$D$2,0) -> 0 | W12: =IF($Q12=TRUE,L12*$D$2,0) -> 0 | X12: =IF($Q12=TRUE,M12*$D$2,0) -> 0 | Y12: =IF($Q12=TRUE,N12*$D$2,0) -> 0 | ... AA12: =IF($Q12=TRUE,P12*$D$2,0) -> 0
B13: km 2D | C13: ML Deblending | F13: FALSE | H13: 15 | Q13: =AND($D$1>0,F13=TRUE) -> FALSE | R13: =IF($Q13=TRUE,G13*$D$1,0) -> 0 | S13: =IF($Q13=TRUE,H13*$D$1,0) -> 0 | T13: =IF($Q13=TRUE,I13*$D$1,0) -> 0 | U13: =IF($Q13=TRUE,J13*$D$1,0) -> 0 | V13: =IF($Q13=TRUE,K13*$D$1,0) -> 0 | W13: =IF($Q13=TRUE,L13*$D$1,0) -> 0 | X13: =IF($Q13=TRUE,M13*$D$1,0) -> 0 | Y13: =IF($Q13=TRUE,N13*$D$1,0) -> 0 | ... AA13: =IF($Q13=TRUE,P13*$D$1,0) -> 0
B14: km² 3D | C14: ML Deblending | F14: FALSE | H14: 30 | Q14: =AND($D$2>0,F14=TRUE) -> FALSE | R14: =IF($Q14=TRUE,G14*$D$2,0) -> 0 | S14: =IF($Q14=TRUE,H14*$D$2,0) -> 0 | T14: =IF($Q14=TRUE,I14*$D$2,0) -> 0 | U14: =IF($Q14=TRUE,J14*$D$2,0) -> 0 | V14: =IF($Q14=TRUE,K14*$D$2,0) -> 0 | W14: =IF($Q14=TRUE,L14*$D$2,0) -> 0 | X14: =IF($Q14=TRUE,M14*$D$2,0) -> 0 | Y14: =IF($Q14=TRUE,N14*$D$2,0) -> 0 | ... AA14: =IF($Q14=TRUE,P14*$D$2,0) -> 0
B15: km 2D | C15: Bandwidtg Extension - post stack | F15: FALSE | H15: 30 | Q15: =AND($D$1>0,F15=TRUE) -> FALSE | R15: =IF($Q15=TRUE,G15*$D$1,0) -> 0 | S15: =IF($Q15=TRUE,H15*$D$1,0) -> 0 | T15: =IF($Q15=TRUE,I15*$D$1,0) -> 0 | U15: =IF($Q15=TRUE,J15*$D$1,0) -> 0 | V15: =IF($Q15=TRUE,K15*$D$1,0) -> 0 | W15: =IF($Q15=TRUE,L15*$D$1,0) -> 0 | X15: =IF($Q15=TRUE,M15*$D$1,0) -> 0 | Y15: =IF($Q15=TRUE,N15*$D$1,0) -> 0 | ... AA15: =IF($Q15=TRUE,P15*$D$1,0) -> 0
B16: km² 3D | C16: Bandwidtg Extension - post stack | F16: FALSE | H16: 75 | Q16: =AND($D$2>0,F16=TRUE) -> FALSE | R16: =IF($Q16=TRUE,G16*$D$2,0) -> 0 | S16: =IF($Q16=TRUE,H16*$D$2,0) -> 0 | T16: =IF($Q16=TRUE,I16*$D$2,0) -> 0 | U16: =IF($Q16=TRUE,J16*$D$2,0) -> 0 | V16: =IF($Q16=TRUE,K16*$D$2,0) -> 0 | W16: =IF($Q16=TRUE,L16*$D$2,0) -> 0 | X16: =IF($Q16=TRUE,M16*$D$2,0) -> 0 | Y16: =IF($Q16=TRUE,N16*$D$2,0) -> 0 | ... AA16: =IF($Q16=TRUE,P16*$D$2,0) -> 0
B17: km 2D | C17: Bandwidtg Extension - pre stack | F17: FALSE | H17: 45 | Q17: =AND($D$1>0,F17=TRUE) -> FALSE | R17: =IF($Q17=TRUE,G17*$D$1,0) -> 0 | S17: =IF($Q17=TRUE,H17*$D$1,0) -> 0 | T17: =IF($Q17=TRUE,I17*$D$1,0) -> 0 | U17: =IF($Q17=TRUE,J17*$D$1,0) -> 0 | V17: =IF($Q17=TRUE,K17*$D$1,0) -> 0 | W17: =IF($Q17=TRUE,L17*$D$1,0) -> 0 | X17: =IF($Q17=TRUE,M17*$D$1,0) -> 0 | Y17: =IF($Q17=TRUE,N17*$D$1,0) -> 0 | ... AA17: =IF($Q17=TRUE,P17*$D$1,0) -> 0
B18: km² 3D | C18: Bandwidtg Extension - pre stack | F18: FALSE | H18: 100 | Q18: =AND($D$2>0,F18=TRUE) -> FALSE | R18: =IF($Q18=TRUE,G18*$D$2,0) -> 0 | S18: =IF($Q18=TRUE,H18*$D$2,0) -> 0 | T18: =IF($Q18=TRUE,I18*$D$2,0) -> 0 | U18: =IF($Q18=TRUE,J18*$D$2,0) -> 0 | V18: =IF($Q18=TRUE,K18*$D$2,0) -> 0 | W18: =IF($Q18=TRUE,L18*$D$2,0) -> 0 | X18: =IF($Q18=TRUE,M18*$D$2,0) -> 0 | Y18: =IF($Q18=TRUE,N18*$D$2,0) -> 0 | ... AA18: =IF($Q18=TRUE,P18*$D$2,0) -> 0
B19: km 2D | C19: Interactive Wavelet Shaping (IWS) | F19: FALSE | J19: 19 | Q19: =AND($D$1>0,F19=TRUE) -> FALSE | R19: =IF($Q19=TRUE,G19*$D$1,0) -> 0 | S19: =IF($Q19=TRUE,H19*$D$1,0) -> 0 | T19: =IF($Q19=TRUE,I19*$D$1,0) -> 0 | U19: =IF($Q19=TRUE,J19*$D$1,0) -> 0 | V19: =IF($Q19=TRUE,K19*$D$1,0) -> 0 | W19: =IF($Q19=TRUE,L19*$D$1,0) -> 0 | X19: =IF($Q19=TRUE,M19*$D$1,0) -> 0 | Y19: =IF($Q19=TRUE,N19*$D$1,0) -> 0 | ... AA19: =IF($Q19=TRUE,P19*$D$1,0) -> 0
B20: km² 3D | C20: Interactive Wavelet Shaping (IWS) | F20: FALSE | J20: 25 | Q20: =AND($D$2>0,F20=TRUE) -> FALSE | R20: =IF($Q20=TRUE,G20*$D$2,0) -> 0 | S20: =IF($Q20=TRUE,H20*$D$2,0) -> 0 | T20: =IF($Q20=TRUE,I20*$D$2,0) -> 0 | U20: =IF($Q20=TRUE,J20*$D$2,0) -> 0 | V20: =IF($Q20=TRUE,K20*$D$2,0) -> 0 | W20: =IF($Q20=TRUE,L20*$D$2,0) -> 0 | X20: =IF($Q20=TRUE,M20*$D$2,0) -> 0 | Y20: =IF($Q20=TRUE,N20*$D$2,0) -> 0 | ... AA20: =IF($Q20=TRUE,P20*$D$2,0) -> 0
B21: km 2D | C21: Ground Force Corrections (GFC) | F21: FALSE | J21: 18 | Q21: =AND($D$1>0,F21=TRUE) -> FALSE | R21: =IF($Q21=TRUE,G21*$D$1,0) -> 0 | S21: =IF($Q21=TRUE,H21*$D$1,0) -> 0 | T21: =IF($Q21=TRUE,I21*$D$1,0) -> 0 | U21: =IF($Q21=TRUE,J21*$D$1,0) -> 0 | V21: =IF($Q21=TRUE,K21*$D$1,0) -> 0 | W21: =IF($Q21=TRUE,L21*$D$1,0) -> 0 | X21: =IF($Q21=TRUE,M21*$D$1,0) -> 0 | Y21: =IF($Q21=TRUE,N21*$D$1,0) -> 0 | ... AA21: =IF($Q21=TRUE,P21*$D$1,0) -> 0
B22: km² 3D | C22: Ground Force Corrections (GFC) | F22: FALSE | J22: 24 | Q22: =AND($D$2>0,F22=TRUE) -> FALSE | R22: =IF($Q22=TRUE,G22*$D$2,0) -> 0 | S22: =IF($Q22=TRUE,H22*$D$2,0) -> 0 | T22: =IF($Q22=TRUE,I22*$D$2,0) -> 0 | U22: =IF($Q22=TRUE,J22*$D$2,0) -> 0 | V22: =IF($Q22=TRUE,K22*$D$2,0) -> 0 | W22: =IF($Q22=TRUE,L22*$D$2,0) -> 0 | X22: =IF($Q22=TRUE,M22*$D$2,0) -> 0 | Y22: =IF($Q22=TRUE,N22*$D$2,0) -> 0 | ... AA22: =IF($Q22=TRUE,P22*$D$2,0) -> 0
B23: km 2D | C23: Advance attenuation of Multiple Reflections - Techniques Tailored to Geology (AMR) | F23: FALSE | J23: 28 | Q23: =AND($D$1>0,F23=TRUE) -> FALSE | R23: =IF($Q23=TRUE,G23*$D$1,0) -> 0 | S23: =IF($Q23=TRUE,H23*$D$1,0) -> 0 | T23: =IF($Q23=TRUE,I23*$D$1,0) -> 0 | U23: =IF($Q23=TRUE,J23*$D$1,0) -> 0 | V23: =IF($Q23=TRUE,K23*$D$1,0) -> 0 | W23: =IF($Q23=TRUE,L23*$D$1,0) -> 0 | X23: =IF($Q23=TRUE,M23*$D$1,0) -> 0 | Y23: =IF($Q23=TRUE,N23*$D$1,0) -> 0 | ... AA23: =IF($Q23=TRUE,P23*$D$1,0) -> 0
B24: km² 3D | C24: Advance attenuation of Multiple Reflections - Techniques Tailored to Geology (AMR) | F24: FALSE | J24: 43 | Q24: =AND($D$2>0,F24=TRUE) -> FALSE | R24: =IF($Q24=TRUE,G24*$D$2,0) -> 0 | S24: =IF($Q24=TRUE,H24*$D$2,0) -> 0 | T24: =IF($Q24=TRUE,I24*$D$2,0) -> 0 | U24: =IF($Q24=TRUE,J24*$D$2,0) -> 0 | V24: =IF($Q24=TRUE,K24*$D$2,0) -> 0 | W24: =IF($Q24=TRUE,L24*$D$2,0) -> 0 | X24: =IF($Q24=TRUE,M24*$D$2,0) -> 0 | Y24: =IF($Q24=TRUE,N24*$D$2,0) -> 0 | ... AA24: =IF($Q24=TRUE,P24*$D$2,0) -> 0
B25: km 2D | C25: Enhance Coherency Processing (ECP - Pre-Stack) | F25: FALSE | J25: 28 | Q25: =AND($D$1>0,F25=TRUE) -> FALSE | R25: =IF($Q25=TRUE,G25*$D$1,0) -> 0 | S25: =IF($Q25=TRUE,H25*$D$1,0) -> 0 | T25: =IF($Q25=TRUE,I25*$D$1,0) -> 0 | U25: =IF($Q25=TRUE,J25*$D$1,0) -> 0 | V25: =IF($Q25=TRUE,K25*$D$1,0) -> 0 | W25: =IF($Q25=TRUE,L25*$D$1,0) -> 0 | X25: =IF($Q25=TRUE,M25*$D$1,0) -> 0 | Y25: =IF($Q25=TRUE,N25*$D$1,0) -> 0 | ... AA25: =IF($Q25=TRUE,P25*$D$1,0) -> 0
B26: km² 3D | C26: Enhance Coherency Processing (ECP - Pre-Stack) | F26: FALSE | J26: 43 | Q26: =AND($D$2>0,F26=TRUE) -> FALSE | R26: =IF($Q26=TRUE,G26*$D$2,0) -> 0 | S26: =IF($Q26=TRUE,H26*$D$2,0) -> 0 | T26: =IF($Q26=TRUE,I26*$D$2,0) -> 0 | U26: =IF($Q26=TRUE,J26*$D$2,0) -> 0 | V26: =IF($Q26=TRUE,K26*$D$2,0) -> 0 | W26: =IF($Q26=TRUE,L26*$D$2,0) -> 0 | X26: =IF($Q26=TRUE,M26*$D$2,0) -> 0 | Y26: =IF($Q26=TRUE,N26*$D$2,0) -> 0 | ... AA26: =IF($Q26=TRUE,P26*$D$2,0) -> 0
B27: km 2D | C27: Non-invasive removal of noise from seismic recording (NINEL) | F27: FALSE | J27: 15 | Q27: =AND($D$1>0,F27=TRUE) -> FALSE | R27: =IF($Q27=TRUE,G27*$D$1,0) -> 0 | S27: =IF($Q27=TRUE,H27*$D$1,0) -> 0 | T27: =IF($Q27=TRUE,I27*$D$1,0) -> 0 | U27: =IF($Q27=TRUE,J27*$D$1,0) -> 0 | V27: =IF($Q27=TRUE,K27*$D$1,0) -> 0 | W27: =IF($Q27=TRUE,L27*$D$1,0) -> 0 | X27: =IF($Q27=TRUE,M27*$D$1,0) -> 0 | Y27: =IF($Q27=TRUE,N27*$D$1,0) -> 0 | ... AA27: =IF($Q27=TRUE,P27*$D$1,0) -> 0
B28: km² 3D | C28: Non-invasive removal of noise from seismic recording (NINEL) | F28: FALSE | J28: 35 | Q28: =AND($D$2>0,F28=TRUE) -> FALSE | R28: =IF($Q28=TRUE,G28*$D$2,0) -> 0 | S28: =IF($Q28=TRUE,H28*$D$2,0) -> 0 | T28: =IF($Q28=TRUE,I28*$D$2,0) -> 0 | U28: =IF($Q28=TRUE,J28*$D$2,0) -> 0 | V28: =IF($Q28=TRUE,K28*$D$2,0) -> 0 | W28: =IF($Q28=TRUE,L28*$D$2,0) -> 0 | X28: =IF($Q28=TRUE,M28*$D$2,0) -> 0 | Y28: =IF($Q28=TRUE,N28*$D$2,0) -> 0 | ... AA28: =IF($Q28=TRUE,P28*$D$2,0) -> 0
B29: km 2D | C29: High Velocity Corrections (HVC) | F29: FALSE | J29: 29 | Q29: =AND($D$1>0,F29=TRUE) -> FALSE | R29: =IF($Q29=TRUE,G29*$D$1,0) -> 0 | S29: =IF($Q29=TRUE,H29*$D$1,0) -> 0 | T29: =IF($Q29=TRUE,I29*$D$1,0) -> 0 | U29: =IF($Q29=TRUE,J29*$D$1,0) -> 0 | V29: =IF($Q29=TRUE,K29*$D$1,0) -> 0 | W29: =IF($Q29=TRUE,L29*$D$1,0) -> 0 | X29: =IF($Q29=TRUE,M29*$D$1,0) -> 0 | Y29: =IF($Q29=TRUE,N29*$D$1,0) -> 0 | ... AA29: =IF($Q29=TRUE,P29*$D$1,0) -> 0
B30: km² 3D | C30: High Velocity Corrections (HVC) | F30: FALSE | J30: 50 | Q30: =AND($D$2>0,F30=TRUE) -> FALSE | R30: =IF($Q30=TRUE,G30*$D$2,0) -> 0 | S30: =IF($Q30=TRUE,H30*$D$2,0) -> 0 | T30: =IF($Q30=TRUE,I30*$D$2,0) -> 0 | U30: =IF($Q30=TRUE,J30*$D$2,0) -> 0 | V30: =IF($Q30=TRUE,K30*$D$2,0) -> 0 | W30: =IF($Q30=TRUE,L30*$D$2,0) -> 0 | X30: =IF($Q30=TRUE,M30*$D$2,0) -> 0 | Y30: =IF($Q30=TRUE,N30*$D$2,0) -> 0 | ... AA30: =IF($Q30=TRUE,P30*$D$2,0) -> 0
B31: km 2D | C31: Advanced Statics - static corrections in chalenging cases (Adv Statics) | F31: FALSE | J31: 29 | Q31: =AND($D$1>0,F31=TRUE) -> FALSE | R31: =IF($Q31=TRUE,G31*$D$1,0) -> 0 | S31: =IF($Q31=TRUE,H31*$D$1,0) -> 0 | T31: =IF($Q31=TRUE,I31*$D$1,0) -> 0 | U31: =IF($Q31=TRUE,J31*$D$1,0) -> 0 | V31: =IF($Q31=TRUE,K31*$D$1,0) -> 0 | W31: =IF($Q31=TRUE,L31*$D$1,0) -> 0 | X31: =IF($Q31=TRUE,M31*$D$1,0) -> 0 | Y31: =IF($Q31=TRUE,N31*$D$1,0) -> 0 | ... AA31: =IF($Q31=TRUE,P31*$D$1,0) -> 0
B32: km² 3D | C32: Advanced Statics - static corrections in chalenging cases (Adv Statics) | F32: FALSE | J32: 50 | Q32: =AND($D$2>0,F32=TRUE) -> FALSE | R32: =IF($Q32=TRUE,G32*$D$2,0) -> 0 | S32: =IF($Q32=TRUE,H32*$D$2,0) -> 0 | T32: =IF($Q32=TRUE,I32*$D$2,0) -> 0 | U32: =IF($Q32=TRUE,J32*$D$2,0) -> 0 | V32: =IF($Q32=TRUE,K32*$D$2,0) -> 0 | W32: =IF($Q32=TRUE,L32*$D$2,0) -> 0 | X32: =IF($Q32=TRUE,M32*$D$2,0) -> 0 | Y32: =IF($Q32=TRUE,N32*$D$2,0) -> 0 | ... AA32: =IF($Q32=TRUE,P32*$D$2,0) -> 0
B33: km 2D | C33: Modelling for Statics Corrections - Modeling low veloccity Layer (MLVL) | F33: FALSE | J33: 23 | Q33: =AND($D$1>0,F33=TRUE) -> FALSE | R33: =IF($Q33=TRUE,G33*$D$1,0) -> 0 | S33: =IF($Q33=TRUE,H33*$D$1,0) -> 0 | T33: =IF($Q33=TRUE,I33*$D$1,0) -> 0 | U33: =IF($Q33=TRUE,J33*$D$1,0) -> 0 | V33: =IF($Q33=TRUE,K33*$D$1,0) -> 0 | W33: =IF($Q33=TRUE,L33*$D$1,0) -> 0 | X33: =IF($Q33=TRUE,M33*$D$1,0) -> 0 | Y33: =IF($Q33=TRUE,N33*$D$1,0) -> 0 | ... AA33: =IF($Q33=TRUE,P33*$D$1,0) -> 0
B34: km² 3D | C34: Modelling for Statics Corrections - Modeling low veloccity Layer (MLVL) | F34: FALSE | J34: 50 | Q34: =AND($D$2>0,F34=TRUE) -> FALSE | R34: =IF($Q34=TRUE,G34*$D$2,0) -> 0 | S34: =IF($Q34=TRUE,H34*$D$2,0) -> 0 | T34: =IF($Q34=TRUE,I34*$D$2,0) -> 0 | U34: =IF($Q34=TRUE,J34*$D$2,0) -> 0 | V34: =IF($Q34=TRUE,K34*$D$2,0) -> 0 | W34: =IF($Q34=TRUE,L34*$D$2,0) -> 0 | X34: =IF($Q34=TRUE,M34*$D$2,0) -> 0 | Y34: =IF($Q34=TRUE,N34*$D$2,0) -> 0 | ... AA34: =IF($Q34=TRUE,P34*$D$2,0) -> 0
B35: km 2D | C35: Interactive Residual Static Corrections (IRSC) | F35: FALSE | J35: 24 | Q35: =AND($D$1>0,F35=TRUE) -> FALSE | R35: =IF($Q35=TRUE,G35*$D$1,0) -> 0 | S35: =IF($Q35=TRUE,H35*$D$1,0) -> 0 | T35: =IF($Q35=TRUE,I35*$D$1,0) -> 0 | U35: =IF($Q35=TRUE,J35*$D$1,0) -> 0 | V35: =IF($Q35=TRUE,K35*$D$1,0) -> 0 | W35: =IF($Q35=TRUE,L35*$D$1,0) -> 0 | X35: =IF($Q35=TRUE,M35*$D$1,0) -> 0 | Y35: =IF($Q35=TRUE,N35*$D$1,0) -> 0 | ... AA35: =IF($Q35=TRUE,P35*$D$1,0) -> 0
B36: km² 3D | C36: Interactive Residual Static Corrections (IRSC) | F36: FALSE | J36: 36 | Q36: =AND($D$2>0,F36=TRUE) -> FALSE | R36: =IF($Q36=TRUE,G36*$D$2,0) -> 0 | S36: =IF($Q36=TRUE,H36*$D$2,0) -> 0 | T36: =IF($Q36=TRUE,I36*$D$2,0) -> 0 | U36: =IF($Q36=TRUE,J36*$D$2,0) -> 0 | V36: =IF($Q36=TRUE,K36*$D$2,0) -> 0 | W36: =IF($Q36=TRUE,L36*$D$2,0) -> 0 | X36: =IF($Q36=TRUE,M36*$D$2,0) -> 0 | Y36: =IF($Q36=TRUE,N36*$D$2,0) -> 0 | ... AA36: =IF($Q36=TRUE,P36*$D$2,0) -> 0
B37: km 2D | C37: Linear Noise Elimination by Hybrid Modeling (Hybrid Noise Elimination) | F37: FALSE | J37: 15 | Q37: =AND($D$1>0,F37=TRUE) -> FALSE | R37: =IF($Q37=TRUE,G37*$D$1,0) -> 0 | S37: =IF($Q37=TRUE,H37*$D$1,0) -> 0 | T37: =IF($Q37=TRUE,I37*$D$1,0) -> 0 | U37: =IF($Q37=TRUE,J37*$D$1,0) -> 0 | V37: =IF($Q37=TRUE,K37*$D$1,0) -> 0 | W37: =IF($Q37=TRUE,L37*$D$1,0) -> 0 | X37: =IF($Q37=TRUE,M37*$D$1,0) -> 0 | Y37: =IF($Q37=TRUE,N37*$D$1,0) -> 0 | ... AA37: =IF($Q37=TRUE,P37*$D$1,0) -> 0
B38: km² 3D | C38: Linear Noise Elimination by Hybrid Modeling (Hybrid Noise Elimination) | F38: FALSE | J38: 35 | Q38: =AND($D$2>0,F38=TRUE) -> FALSE | R38: =IF($Q38=TRUE,G38*$D$2,0) -> 0 | S38: =IF($Q38=TRUE,H38*$D$2,0) -> 0 | T38: =IF($Q38=TRUE,I38*$D$2,0) -> 0 | U38: =IF($Q38=TRUE,J38*$D$2,0) -> 0 | V38: =IF($Q38=TRUE,K38*$D$2,0) -> 0 | W38: =IF($Q38=TRUE,L38*$D$2,0) -> 0 | X38: =IF($Q38=TRUE,M38*$D$2,0) -> 0 | Y38: =IF($Q38=TRUE,N38*$D$2,0) -> 0 | ... AA38: =IF($Q38=TRUE,P38*$D$2,0) -> 0
B39: km 2D | C39: Power line attenuation | F39: FALSE | Q39: =AND($D$1>0,F39=TRUE) -> FALSE | R39: =IF($Q39=TRUE,G39*$D$1,0) -> 0 | S39: =IF($Q39=TRUE,H39*$D$1,0) -> 0 | T39: =IF($Q39=TRUE,I39*$D$1,0) -> 0 | U39: =IF($Q39=TRUE,J39*$D$1,0) -> 0 | V39: =IF($Q39=TRUE,K39*$D$1,0) -> 0 | W39: =IF($Q39=TRUE,L39*$D$1,0) -> 0 | X39: =IF($Q39=TRUE,M39*$D$1,0) -> 0 | Y39: =IF($Q39=TRUE,N39*$D$1,0) -> 0 | ... AA39: =IF($Q39=TRUE,P39*$D$1,0) -> 0
B40: km² 3D | C40: Power line attenuation | F40: FALSE | K40: 144 | Q40: =AND($D$2>0,F40=TRUE) -> FALSE | R40: =IF($Q40=TRUE,G40*$D$2,0) -> 0 | S40: =IF($Q40=TRUE,H40*$D$2,0) -> 0 | T40: =IF($Q40=TRUE,I40*$D$2,0) -> 0 | U40: =IF($Q40=TRUE,J40*$D$2,0) -> 0 | V40: =IF($Q40=TRUE,K40*$D$2,0) -> 0 | W40: =IF($Q40=TRUE,L40*$D$2,0) -> 0 | X40: =IF($Q40=TRUE,M40*$D$2,0) -> 0 | Y40: =IF($Q40=TRUE,N40*$D$2,0) -> 0 | ... AA40: =IF($Q40=TRUE,P40*$D$2,0) -> 0
B41: km 2D | C41: PP-PS Multicomponent (Geotomo QOR) | F41: FALSE | Q41: =AND($D$1>0,F41=TRUE) -> FALSE | R41: =IF($Q41=TRUE,G41*$D$1,0) -> 0 | S41: =IF($Q41=TRUE,H41*$D$1,0) -> 0 | T41: =IF($Q41=TRUE,I41*$D$1,0) -> 0 | U41: =IF($Q41=TRUE,J41*$D$1,0) -> 0 | V41: =IF($Q41=TRUE,K41*$D$1,0) -> 0 | W41: =IF($Q41=TRUE,L41*$D$1,0) -> 0 | X41: =IF($Q41=TRUE,M41*$D$1,0) -> 0 | Y41: =IF($Q41=TRUE,N41*$D$1,0) -> 0 | ... AA41: =IF($Q41=TRUE,P41*$D$1,0) -> 0
B42: km² 3D | C42: PP-PS Multicomponent (Geotomo QOR) | F42: FALSE | Q42: =AND($D$2>0,F42=TRUE) -> FALSE | R42: =IF($Q42=TRUE,G42*$D$2,0) -> 0 | S42: =IF($Q42=TRUE,H42*$D$2,0) -> 0 | T42: =IF($Q42=TRUE,I42*$D$2,0) -> 0 | U42: =IF($Q42=TRUE,J42*$D$2,0) -> 0 | V42: =IF($Q42=TRUE,K42*$D$2,0) -> 0 | W42: =IF($Q42=TRUE,L42*$D$2,0) -> 0 | X42: =IF($Q42=TRUE,M42*$D$2,0) -> 0 | Y42: =IF($Q42=TRUE,N42*$D$2,0) -> 0 | ... AA42: =IF($Q42=TRUE,P42*$D$2,0) -> 0
B43: km 2D | C43: iStats Static Solution | F43: FALSE | K43: 24 | Q43: =AND($D$1>0,F43=TRUE) -> FALSE | R43: =IF($Q43=TRUE,G43*$D$1,0) -> 0 | S43: =IF($Q43=TRUE,H43*$D$1,0) -> 0 | T43: =IF($Q43=TRUE,I43*$D$1,0) -> 0 | U43: =IF($Q43=TRUE,J43*$D$1,0) -> 0 | V43: =IF($Q43=TRUE,K43*$D$1,0) -> 0 | W43: =IF($Q43=TRUE,L43*$D$1,0) -> 0 | X43: =IF($Q43=TRUE,M43*$D$1,0) -> 0 | Y43: =IF($Q43=TRUE,N43*$D$1,0) -> 0 | ... AA43: =IF($Q43=TRUE,P43*$D$1,0) -> 0
B44: km² 3D | C44: iStats Static Solution | F44: FALSE | K44: 36 | Q44: =AND($D$2>0,F44=TRUE) -> FALSE | R44: =IF($Q44=TRUE,G44*$D$2,0) -> 0 | S44: =IF($Q44=TRUE,H44*$D$2,0) -> 0 | T44: =IF($Q44=TRUE,I44*$D$2,0) -> 0 | U44: =IF($Q44=TRUE,J44*$D$2,0) -> 0 | V44: =IF($Q44=TRUE,K44*$D$2,0) -> 0 | W44: =IF($Q44=TRUE,L44*$D$2,0) -> 0 | X44: =IF($Q44=TRUE,M44*$D$2,0) -> 0 | Y44: =IF($Q44=TRUE,N44*$D$2,0) -> 0 | ... AA44: =IF($Q44=TRUE,P44*$D$2,0) -> 0
B45: km 2D | C45: AI Noise Attenuation | F45: FALSE | K45: 24 | Q45: =AND($D$1>0,F45=TRUE) -> FALSE | R45: =IF($Q45=TRUE,G45*$D$1,0) -> 0 | S45: =IF($Q45=TRUE,H45*$D$1,0) -> 0 | T45: =IF($Q45=TRUE,I45*$D$1,0) -> 0 | U45: =IF($Q45=TRUE,J45*$D$1,0) -> 0 | V45: =IF($Q45=TRUE,K45*$D$1,0) -> 0 | W45: =IF($Q45=TRUE,L45*$D$1,0) -> 0 | X45: =IF($Q45=TRUE,M45*$D$1,0) -> 0 | Y45: =IF($Q45=TRUE,N45*$D$1,0) -> 0 | ... AA45: =IF($Q45=TRUE,P45*$D$1,0) -> 0
B46: km² 3D | C46: AI Noise Attenuation | F46: FALSE | K46: 24 | Q46: =AND($D$2>0,F46=TRUE) -> FALSE | R46: =IF($Q46=TRUE,G46*$D$2,0) -> 0 | S46: =IF($Q46=TRUE,H46*$D$2,0) -> 0 | T46: =IF($Q46=TRUE,I46*$D$2,0) -> 0 | U46: =IF($Q46=TRUE,J46*$D$2,0) -> 0 | V46: =IF($Q46=TRUE,K46*$D$2,0) -> 0 | W46: =IF($Q46=TRUE,L46*$D$2,0) -> 0 | X46: =IF($Q46=TRUE,M46*$D$2,0) -> 0 | Y46: =IF($Q46=TRUE,N46*$D$2,0) -> 0 | ... AA46: =IF($Q46=TRUE,P46*$D$2,0) -> 0
B47: km 2D | C47: AI Residual Statics | F47: FALSE | K47: 24 | Q47: =AND($D$1>0,F47=TRUE) -> FALSE | R47: =IF($Q47=TRUE,G47*$D$1,0) -> 0 | S47: =IF($Q47=TRUE,H47*$D$1,0) -> 0 | T47: =IF($Q47=TRUE,I47*$D$1,0) -> 0 | U47: =IF($Q47=TRUE,J47*$D$1,0) -> 0 | V47: =IF($Q47=TRUE,K47*$D$1,0) -> 0 | W47: =IF($Q47=TRUE,L47*$D$1,0) -> 0 | X47: =IF($Q47=TRUE,M47*$D$1,0) -> 0 | Y47: =IF($Q47=TRUE,N47*$D$1,0) -> 0 | ... AA47: =IF($Q47=TRUE,P47*$D$1,0) -> 0
B48: km² 3D | C48: AI Residual Statics | F48: FALSE | K48: 24 | Q48: =AND($D$2>0,F48=TRUE) -> FALSE | R48: =IF($Q48=TRUE,G48*$D$2,0) -> 0 | S48: =IF($Q48=TRUE,H48*$D$2,0) -> 0 | T48: =IF($Q48=TRUE,I48*$D$2,0) -> 0 | U48: =IF($Q48=TRUE,J48*$D$2,0) -> 0 | V48: =IF($Q48=TRUE,K48*$D$2,0) -> 0 | W48: =IF($Q48=TRUE,L48*$D$2,0) -> 0 | X48: =IF($Q48=TRUE,M48*$D$2,0) -> 0 | Y48: =IF($Q48=TRUE,N48*$D$2,0) -> 0 | ... AA48: =IF($Q48=TRUE,P48*$D$2,0) -> 0
B49: km 2D | C49: AI First Arrival Picker | F49: FALSE | K49: 24 | Q49: =AND($D$1>0,F49=TRUE) -> FALSE | R49: =IF($Q49=TRUE,G49*$D$1,0) -> 0 | S49: =IF($Q49=TRUE,H49*$D$1,0) -> 0 | T49: =IF($Q49=TRUE,I49*$D$1,0) -> 0 | U49: =IF($Q49=TRUE,J49*$D$1,0) -> 0 | V49: =IF($Q49=TRUE,K49*$D$1,0) -> 0 | W49: =IF($Q49=TRUE,L49*$D$1,0) -> 0 | X49: =IF($Q49=TRUE,M49*$D$1,0) -> 0 | Y49: =IF($Q49=TRUE,N49*$D$1,0) -> 0 | ... AA49: =IF($Q49=TRUE,P49*$D$1,0) -> 0
B50: km² 3D | C50: AI First Arrival Picker | F50: FALSE | K50: 24 | Q50: =AND($D$2>0,F50=TRUE) -> FALSE | R50: =IF($Q50=TRUE,G50*$D$2,0) -> 0 | S50: =IF($Q50=TRUE,H50*$D$2,0) -> 0 | T50: =IF($Q50=TRUE,I50*$D$2,0) -> 0 | U50: =IF($Q50=TRUE,J50*$D$2,0) -> 0 | V50: =IF($Q50=TRUE,K50*$D$2,0) -> 0 | W50: =IF($Q50=TRUE,L50*$D$2,0) -> 0 | X50: =IF($Q50=TRUE,M50*$D$2,0) -> 0 | Y50: =IF($Q50=TRUE,N50*$D$2,0) -> 0 | ... AA50: =IF($Q50=TRUE,P50*$D$2,0) -> 0
B51: km 2D | C51: Generalized Primary Well Driven Processing | F51: FALSE | K51: 48 | Q51: =AND($D$1>0,F51=TRUE) -> FALSE | R51: =IF($Q51=TRUE,G51*$D$1,0) -> 0 | S51: =IF($Q51=TRUE,H51*$D$1,0) -> 0 | T51: =IF($Q51=TRUE,I51*$D$1,0) -> 0 | U51: =IF($Q51=TRUE,J51*$D$1,0) -> 0 | V51: =IF($Q51=TRUE,K51*$D$1,0) -> 0 | W51: =IF($Q51=TRUE,L51*$D$1,0) -> 0 | X51: =IF($Q51=TRUE,M51*$D$1,0) -> 0 | Y51: =IF($Q51=TRUE,N51*$D$1,0) -> 0 | ... AA51: =IF($Q51=TRUE,P51*$D$1,0) -> 0
B52: km² 3D | C52: Generalized Primary Well Driven Processing | F52: FALSE | K52: 48 | Q52: =AND($D$2>0,F52=TRUE) -> FALSE | R52: =IF($Q52=TRUE,G52*$D$2,0) -> 0 | S52: =IF($Q52=TRUE,H52*$D$2,0) -> 0 | T52: =IF($Q52=TRUE,I52*$D$2,0) -> 0 | U52: =IF($Q52=TRUE,J52*$D$2,0) -> 0 | V52: =IF($Q52=TRUE,K52*$D$2,0) -> 0 | W52: =IF($Q52=TRUE,L52*$D$2,0) -> 0 | X52: =IF($Q52=TRUE,M52*$D$2,0) -> 0 | Y52: =IF($Q52=TRUE,N52*$D$2,0) -> 0 | ... AA52: =IF($Q52=TRUE,P52*$D$2,0) -> 0
B53: km 2D | C53: Interferometry First Arrival Enhancement | F53: FALSE | K53: 10 | Q53: =AND($D$1>0,F53=TRUE) -> FALSE | R53: =IF($Q53=TRUE,G53*$D$1,0) -> 0 | S53: =IF($Q53=TRUE,H53*$D$1,0) -> 0 | T53: =IF($Q53=TRUE,I53*$D$1,0) -> 0 | U53: =IF($Q53=TRUE,J53*$D$1,0) -> 0 | V53: =IF($Q53=TRUE,K53*$D$1,0) -> 0 | W53: =IF($Q53=TRUE,L53*$D$1,0) -> 0 | X53: =IF($Q53=TRUE,M53*$D$1,0) -> 0 | Y53: =IF($Q53=TRUE,N53*$D$1,0) -> 0 | ... AA53: =IF($Q53=TRUE,P53*$D$1,0) -> 0
B54: km² 3D | C54: Interferometry First Arrival Enhancement | F54: FALSE | K54: 10 | Q54: =AND($D$2>0,F54=TRUE) -> FALSE | R54: =IF($Q54=TRUE,G54*$D$2,0) -> 0 | S54: =IF($Q54=TRUE,H54*$D$2,0) -> 0 | T54: =IF($Q54=TRUE,I54*$D$2,0) -> 0 | U54: =IF($Q54=TRUE,J54*$D$2,0) -> 0 | V54: =IF($Q54=TRUE,K54*$D$2,0) -> 0 | W54: =IF($Q54=TRUE,L54*$D$2,0) -> 0 | X54: =IF($Q54=TRUE,M54*$D$2,0) -> 0 | Y54: =IF($Q54=TRUE,N54*$D$2,0) -> 0 | ... AA54: =IF($Q54=TRUE,P54*$D$2,0) -> 0
B55: km 2D | C55: Dispersive Ground Roll Attenuation | F55: FALSE | K55: 36 | Q55: =AND($D$1>0,F55=TRUE) -> FALSE | R55: =IF($Q55=TRUE,G55*$D$1,0) -> 0 | S55: =IF($Q55=TRUE,H55*$D$1,0) -> 0 | T55: =IF($Q55=TRUE,I55*$D$1,0) -> 0 | U55: =IF($Q55=TRUE,J55*$D$1,0) -> 0 | V55: =IF($Q55=TRUE,K55*$D$1,0) -> 0 | W55: =IF($Q55=TRUE,L55*$D$1,0) -> 0 | X55: =IF($Q55=TRUE,M55*$D$1,0) -> 0 | Y55: =IF($Q55=TRUE,N55*$D$1,0) -> 0 | ... AA55: =IF($Q55=TRUE,P55*$D$1,0) -> 0
B56: km² 3D | C56: Dispersive Ground Roll Attenuation | F56: FALSE | K56: 36 | Q56: =AND($D$2>0,F56=TRUE) -> FALSE | R56: =IF($Q56=TRUE,G56*$D$2,0) -> 0 | S56: =IF($Q56=TRUE,H56*$D$2,0) -> 0 | T56: =IF($Q56=TRUE,I56*$D$2,0) -> 0 | U56: =IF($Q56=TRUE,J56*$D$2,0) -> 0 | V56: =IF($Q56=TRUE,K56*$D$2,0) -> 0 | W56: =IF($Q56=TRUE,L56*$D$2,0) -> 0 | X56: =IF($Q56=TRUE,M56*$D$2,0) -> 0 | Y56: =IF($Q56=TRUE,N56*$D$2,0) -> 0 | ... AA56: =IF($Q56=TRUE,P56*$D$2,0) -> 0
B57: km 2D | C57: SRME | F57: FALSE | G57: 100 | K57: 48 | Q57: =AND($D$1>0,F57=TRUE) -> FALSE | R57: =IF($Q57=TRUE,G57*$D$1,0) -> 0 | S57: =IF($Q57=TRUE,H57*$D$1,0) -> 0 | T57: =IF($Q57=TRUE,I57*$D$1,0) -> 0 | U57: =IF($Q57=TRUE,J57*$D$1,0) -> 0 | V57: =IF($Q57=TRUE,K57*$D$1,0) -> 0 | W57: =IF($Q57=TRUE,L57*$D$1,0) -> 0 | X57: =IF($Q57=TRUE,M57*$D$1,0) -> 0 | Y57: =IF($Q57=TRUE,N57*$D$1,0) -> 0 | ... AA57: =IF($Q57=TRUE,P57*$D$1,0) -> 0
B58: km² 3D | C58: SRME | F58: FALSE | G58: 150 | K58: 48 | Q58: =AND($D$2>0,F58=TRUE) -> FALSE | R58: =IF($Q58=TRUE,G58*$D$2,0) -> 0 | S58: =IF($Q58=TRUE,H58*$D$2,0) -> 0 | T58: =IF($Q58=TRUE,I58*$D$2,0) -> 0 | U58: =IF($Q58=TRUE,J58*$D$2,0) -> 0 | V58: =IF($Q58=TRUE,K58*$D$2,0) -> 0 | W58: =IF($Q58=TRUE,L58*$D$2,0) -> 0 | X58: =IF($Q58=TRUE,M58*$D$2,0) -> 0 | Y58: =IF($Q58=TRUE,N58*$D$2,0) -> 0 | ... AA58: =IF($Q58=TRUE,P58*$D$2,0) -> 0
B59: km 2D | C59: IME (Internal Multiple Elimination) | F59: FALSE | G59: 100 | K59: 10 | Q59: =AND($D$1>0,F59=TRUE) -> FALSE | R59: =IF($Q59=TRUE,G59*$D$1,0) -> 0 | S59: =IF($Q59=TRUE,H59*$D$1,0) -> 0 | T59: =IF($Q59=TRUE,I59*$D$1,0) -> 0 | U59: =IF($Q59=TRUE,J59*$D$1,0) -> 0 | V59: =IF($Q59=TRUE,K59*$D$1,0) -> 0 | W59: =IF($Q59=TRUE,L59*$D$1,0) -> 0 | X59: =IF($Q59=TRUE,M59*$D$1,0) -> 0 | Y59: =IF($Q59=TRUE,N59*$D$1,0) -> 0 | ... AA59: =IF($Q59=TRUE,P59*$D$1,0) -> 0
B60: km² 3D | C60: IME (Internal Multiple Elimination) | F60: FALSE | G60: 150 | K60: 10 | Q60: =AND($D$2>0,F60=TRUE) -> FALSE | R60: =IF($Q60=TRUE,G60*$D$2,0) -> 0 | S60: =IF($Q60=TRUE,H60*$D$2,0) -> 0 | T60: =IF($Q60=TRUE,I60*$D$2,0) -> 0 | U60: =IF($Q60=TRUE,J60*$D$2,0) -> 0 | V60: =IF($Q60=TRUE,K60*$D$2,0) -> 0 | W60: =IF($Q60=TRUE,L60*$D$2,0) -> 0 | X60: =IF($Q60=TRUE,M60*$D$2,0) -> 0 | Y60: =IF($Q60=TRUE,N60*$D$2,0) -> 0 | ... AA60: =IF($Q60=TRUE,P60*$D$2,0) -> 0
B61: km 2D | C61: ISS (Inverse Scattering Series) | F61: FALSE | G61: 100 | K61: 36 | Q61: =AND($D$1>0,F61=TRUE) -> FALSE | R61: =IF($Q61=TRUE,G61*$D$1,0) -> 0 | S61: =IF($Q61=TRUE,H61*$D$1,0) -> 0 | T61: =IF($Q61=TRUE,I61*$D$1,0) -> 0 | U61: =IF($Q61=TRUE,J61*$D$1,0) -> 0 | V61: =IF($Q61=TRUE,K61*$D$1,0) -> 0 | W61: =IF($Q61=TRUE,L61*$D$1,0) -> 0 | X61: =IF($Q61=TRUE,M61*$D$1,0) -> 0 | Y61: =IF($Q61=TRUE,N61*$D$1,0) -> 0 | ... AA61: =IF($Q61=TRUE,P61*$D$1,0) -> 0
B62: km² 3D | C62: ISS (Inverse Scattering Series) | F62: FALSE | G62: 150 | K62: 36 | Q62: =AND($D$2>0,F62=TRUE) -> FALSE | R62: =IF($Q62=TRUE,G62*$D$2,0) -> 0 | S62: =IF($Q62=TRUE,H62*$D$2,0) -> 0 | T62: =IF($Q62=TRUE,I62*$D$2,0) -> 0 | U62: =IF($Q62=TRUE,J62*$D$2,0) -> 0 | V62: =IF($Q62=TRUE,K62*$D$2,0) -> 0 | W62: =IF($Q62=TRUE,L62*$D$2,0) -> 0 | X62: =IF($Q62=TRUE,M62*$D$2,0) -> 0 | Y62: =IF($Q62=TRUE,N62*$D$2,0) -> 0 | ... AA62: =IF($Q62=TRUE,P62*$D$2,0) -> 0
B63: km 2D | C63: Interbed Related Multiple Removal | F63: FALSE | K63: 12 | Q63: =AND($D$1>0,F63=TRUE) -> FALSE | R63: =IF($Q63=TRUE,G63*$D$1,0) -> 0 | S63: =IF($Q63=TRUE,H63*$D$1,0) -> 0 | T63: =IF($Q63=TRUE,I63*$D$1,0) -> 0 | U63: =IF($Q63=TRUE,J63*$D$1,0) -> 0 | V63: =IF($Q63=TRUE,K63*$D$1,0) -> 0 | W63: =IF($Q63=TRUE,L63*$D$1,0) -> 0 | X63: =IF($Q63=TRUE,M63*$D$1,0) -> 0 | Y63: =IF($Q63=TRUE,N63*$D$1,0) -> 0 | ... AA63: =IF($Q63=TRUE,P63*$D$1,0) -> 0
B64: km² 3D | C64: Interbed Related Multiple Removal | F64: FALSE | K64: 12 | Q64: =AND($D$2>0,F64=TRUE) -> FALSE | R64: =IF($Q64=TRUE,G64*$D$2,0) -> 0 | S64: =IF($Q64=TRUE,H64*$D$2,0) -> 0 | T64: =IF($Q64=TRUE,I64*$D$2,0) -> 0 | U64: =IF($Q64=TRUE,J64*$D$2,0) -> 0 | V64: =IF($Q64=TRUE,K64*$D$2,0) -> 0 | W64: =IF($Q64=TRUE,L64*$D$2,0) -> 0 | X64: =IF($Q64=TRUE,M64*$D$2,0) -> 0 | Y64: =IF($Q64=TRUE,N64*$D$2,0) -> 0 | ... AA64: =IF($Q64=TRUE,P64*$D$2,0) -> 0
B65: km 2D | C65: Dispersion curve inversion | F65: FALSE | K65: 36 | Q65: =AND($D$1>0,F65=TRUE) -> FALSE | R65: =IF($Q65=TRUE,G65*$D$1,0) -> 0 | S65: =IF($Q65=TRUE,H65*$D$1,0) -> 0 | T65: =IF($Q65=TRUE,I65*$D$1,0) -> 0 | U65: =IF($Q65=TRUE,J65*$D$1,0) -> 0 | V65: =IF($Q65=TRUE,K65*$D$1,0) -> 0 | W65: =IF($Q65=TRUE,L65*$D$1,0) -> 0 | X65: =IF($Q65=TRUE,M65*$D$1,0) -> 0 | Y65: =IF($Q65=TRUE,N65*$D$1,0) -> 0 | ... AA65: =IF($Q65=TRUE,P65*$D$1,0) -> 0
B66: km² 3D | C66: Dispersion curve inversion | F66: FALSE | K66: 36 | Q66: =AND($D$2>0,F66=TRUE) -> FALSE | R66: =IF($Q66=TRUE,G66*$D$2,0) -> 0 | S66: =IF($Q66=TRUE,H66*$D$2,0) -> 0 | T66: =IF($Q66=TRUE,I66*$D$2,0) -> 0 | U66: =IF($Q66=TRUE,J66*$D$2,0) -> 0 | V66: =IF($Q66=TRUE,K66*$D$2,0) -> 0 | W66: =IF($Q66=TRUE,L66*$D$2,0) -> 0 | X66: =IF($Q66=TRUE,M66*$D$2,0) -> 0 | Y66: =IF($Q66=TRUE,N66*$D$2,0) -> 0 | ... AA66: =IF($Q66=TRUE,P66*$D$2,0) -> 0
B67: km 2D | C67: FWI Statics | F67: FALSE | K67: 48 | Q67: =AND($D$1>0,F67=TRUE) -> FALSE | R67: =IF($Q67=TRUE,G67*$D$1,0) -> 0 | S67: =IF($Q67=TRUE,H67*$D$1,0) -> 0 | T67: =IF($Q67=TRUE,I67*$D$1,0) -> 0 | U67: =IF($Q67=TRUE,J67*$D$1,0) -> 0 | V67: =IF($Q67=TRUE,K67*$D$1,0) -> 0 | W67: =IF($Q67=TRUE,L67*$D$1,0) -> 0 | X67: =IF($Q67=TRUE,M67*$D$1,0) -> 0 | Y67: =IF($Q67=TRUE,N67*$D$1,0) -> 0 | ... AA67: =IF($Q67=TRUE,P67*$D$1,0) -> 0
B68: km² 3D | C68: FWI Statics | F68: FALSE | K68: 48 | Q68: =AND($D$2>0,F68=TRUE) -> FALSE | R68: =IF($Q68=TRUE,G68*$D$2,0) -> 0 | S68: =IF($Q68=TRUE,H68*$D$2,0) -> 0 | T68: =IF($Q68=TRUE,I68*$D$2,0) -> 0 | U68: =IF($Q68=TRUE,J68*$D$2,0) -> 0 | V68: =IF($Q68=TRUE,K68*$D$2,0) -> 0 | W68: =IF($Q68=TRUE,L68*$D$2,0) -> 0 | X68: =IF($Q68=TRUE,M68*$D$2,0) -> 0 | Y68: =IF($Q68=TRUE,N68*$D$2,0) -> 0 | ... AA68: =IF($Q68=TRUE,P68*$D$2,0) -> 0
B69: km 2D | C69: Soluciones de estáticas de periodo largo (Seismic Studio) | F69: FALSE | L69: 10 | Q69: =AND($D$1>0,F69=TRUE) -> FALSE | R69: =IF($Q69=TRUE,G69*$D$1,0) -> 0 | S69: =IF($Q69=TRUE,H69*$D$1,0) -> 0 | T69: =IF($Q69=TRUE,I69*$D$1,0) -> 0 | U69: =IF($Q69=TRUE,J69*$D$1,0) -> 0 | V69: =IF($Q69=TRUE,K69*$D$1,0) -> 0 | W69: =IF($Q69=TRUE,L69*$D$1,0) -> 0 | X69: =IF($Q69=TRUE,M69*$D$1,0) -> 0 | Y69: =IF($Q69=TRUE,N69*$D$1,0) -> 0 | ... AA69: =IF($Q69=TRUE,P69*$D$1,0) -> 0
B70: km² 3D | C70: Soluciones de estáticas de periodo largo (Seismic Studio) | F70: FALSE | L70: 15 | Q70: =AND($D$2>0,F70=TRUE) -> FALSE | R70: =IF($Q70=TRUE,G70*$D$2,0) -> 0 | S70: =IF($Q70=TRUE,H70*$D$2,0) -> 0 | T70: =IF($Q70=TRUE,I70*$D$2,0) -> 0 | U70: =IF($Q70=TRUE,J70*$D$2,0) -> 0 | V70: =IF($Q70=TRUE,K70*$D$2,0) -> 0 | W70: =IF($Q70=TRUE,L70*$D$2,0) -> 0 | X70: =IF($Q70=TRUE,M70*$D$2,0) -> 0 | Y70: =IF($Q70=TRUE,N70*$D$2,0) -> 0 | ... AA70: =IF($Q70=TRUE,P70*$D$2,0) -> 0
B71: km 2D | C71: Soluciones de estáticas de periodo largo (Maxpower - Seisspace) | F71: FALSE | L71: 10 | Q71: =AND($D$1>0,F71=TRUE) -> FALSE | R71: =IF($Q71=TRUE,G71*$D$1,0) -> 0 | S71: =IF($Q71=TRUE,H71*$D$1,0) -> 0 | T71: =IF($Q71=TRUE,I71*$D$1,0) -> 0 | U71: =IF($Q71=TRUE,J71*$D$1,0) -> 0 | V71: =IF($Q71=TRUE,K71*$D$1,0) -> 0 | W71: =IF($Q71=TRUE,L71*$D$1,0) -> 0 | X71: =IF($Q71=TRUE,M71*$D$1,0) -> 0 | Y71: =IF($Q71=TRUE,N71*$D$1,0) -> 0 | ... AA71: =IF($Q71=TRUE,P71*$D$1,0) -> 0
B72: km² 3D | C72: Soluciones de estáticas de periodo largo (Maxpower - Seisspace) | F72: FALSE | L72: 15 | Q72: =AND($D$2>0,F72=TRUE) -> FALSE | R72: =IF($Q72=TRUE,G72*$D$2,0) -> 0 | S72: =IF($Q72=TRUE,H72*$D$2,0) -> 0 | T72: =IF($Q72=TRUE,I72*$D$2,0) -> 0 | U72: =IF($Q72=TRUE,J72*$D$2,0) -> 0 | V72: =IF($Q72=TRUE,K72*$D$2,0) -> 0 | W72: =IF($Q72=TRUE,L72*$D$2,0) -> 0 | X72: =IF($Q72=TRUE,M72*$D$2,0) -> 0 | Y72: =IF($Q72=TRUE,N72*$D$2,0) -> 0 | ... AA72: =IF($Q72=TRUE,P72*$D$2,0) -> 0
B73: km 2D | C73: Atenuación de ruido filtro adaptativo | F73: FALSE | L73: 5 | Q73: =AND($D$1>0,F73=TRUE) -> FALSE | R73: =IF($Q73=TRUE,G73*$D$1,0) -> 0 | S73: =IF($Q73=TRUE,H73*$D$1,0) -> 0 | T73: =IF($Q73=TRUE,I73*$D$1,0) -> 0 | U73: =IF($Q73=TRUE,J73*$D$1,0) -> 0 | V73: =IF($Q73=TRUE,K73*$D$1,0) -> 0 | W73: =IF($Q73=TRUE,L73*$D$1,0) -> 0 | X73: =IF($Q73=TRUE,M73*$D$1,0) -> 0 | Y73: =IF($Q73=TRUE,N73*$D$1,0) -> 0 | ... AA73: =IF($Q73=TRUE,P73*$D$1,0) -> 0
B74: km² 3D | C74: Atenuación de ruido filtro adaptativo | F74: FALSE | L74: 10 | Q74: =AND($D$2>0,F74=TRUE) -> FALSE | R74: =IF($Q74=TRUE,G74*$D$2,0) -> 0 | S74: =IF($Q74=TRUE,H74*$D$2,0) -> 0 | T74: =IF($Q74=TRUE,I74*$D$2,0) -> 0 | U74: =IF($Q74=TRUE,J74*$D$2,0) -> 0 | V74: =IF($Q74=TRUE,K74*$D$2,0) -> 0 | W74: =IF($Q74=TRUE,L74*$D$2,0) -> 0 | X74: =IF($Q74=TRUE,M74*$D$2,0) -> 0 | Y74: =IF($Q74=TRUE,N74*$D$2,0) -> 0 | ... AA74: =IF($Q74=TRUE,P74*$D$2,0) -> 0
B75: km 2D | C75: Extended Interbed Multiple Prediction (XIMP), 3 horizons | F75: FALSE | Q75: =AND($D$1>0,F75=TRUE) -> FALSE | R75: =IF($Q75=TRUE,G75*$D$1,0) -> 0 | S75: =IF($Q75=TRUE,H75*$D$1,0) -> 0 | T75: =IF($Q75=TRUE,I75*$D$1,0) -> 0 | U75: =IF($Q75=TRUE,J75*$D$1,0) -> 0 | V75: =IF($Q75=TRUE,K75*$D$1,0) -> 0 | W75: =IF($Q75=TRUE,L75*$D$1,0) -> 0 | X75: =IF($Q75=TRUE,M75*$D$1,0) -> 0 | Y75: =IF($Q75=TRUE,N75*$D$1,0) -> 0 | ... AA75: =IF($Q75=TRUE,P75*$D$1,0) -> 0
B76: km² 3D | C76: Extended Interbed Multiple Prediction (XIMP), 3 horizons | F76: FALSE | N76: 146.51 | Q76: =AND($D$2>0,F76=TRUE) -> FALSE | R76: =IF($Q76=TRUE,G76*$D$2,0) -> 0 | S76: =IF($Q76=TRUE,H76*$D$2,0) -> 0 | T76: =IF($Q76=TRUE,I76*$D$2,0) -> 0 | U76: =IF($Q76=TRUE,J76*$D$2,0) -> 0 | V76: =IF($Q76=TRUE,K76*$D$2,0) -> 0 | W76: =IF($Q76=TRUE,L76*$D$2,0) -> 0 | X76: =IF($Q76=TRUE,M76*$D$2,0) -> 0 | Y76: =IF($Q76=TRUE,N76*$D$2,0) -> 0 | ... AA76: =IF($Q76=TRUE,P76*$D$2,0) -> 0
B77: km 2D | C77: Simultaneus Join Inversion: First Break and Surface Waves | F77: FALSE | N77: 124.21 | Q77: =AND($D$1>0,F77=TRUE) -> FALSE | R77: =IF($Q77=TRUE,G77*$D$1,0) -> 0 | S77: =IF($Q77=TRUE,H77*$D$1,0) -> 0 | T77: =IF($Q77=TRUE,I77*$D$1,0) -> 0 | U77: =IF($Q77=TRUE,J77*$D$1,0) -> 0 | V77: =IF($Q77=TRUE,K77*$D$1,0) -> 0 | W77: =IF($Q77=TRUE,L77*$D$1,0) -> 0 | X77: =IF($Q77=TRUE,M77*$D$1,0) -> 0 | Y77: =IF($Q77=TRUE,N77*$D$1,0) -> 0 | ... AA77: =IF($Q77=TRUE,P77*$D$1,0) -> 0
B78: km² 3D | C78: Simultaneus Join Inversion: First Break and Surface Waves | F78: FALSE | N78: 320.55 | Q78: =AND($D$2>0,F78=TRUE) -> FALSE | R78: =IF($Q78=TRUE,G78*$D$2,0) -> 0 | S78: =IF($Q78=TRUE,H78*$D$2,0) -> 0 | T78: =IF($Q78=TRUE,I78*$D$2,0) -> 0 | U78: =IF($Q78=TRUE,J78*$D$2,0) -> 0 | V78: =IF($Q78=TRUE,K78*$D$2,0) -> 0 | W78: =IF($Q78=TRUE,L78*$D$2,0) -> 0 | X78: =IF($Q78=TRUE,M78*$D$2,0) -> 0 | Y78: =IF($Q78=TRUE,N78*$D$2,0) -> 0 | ... AA78: =IF($Q78=TRUE,P78*$D$2,0) -> 0
B79: km 2D | C79: Vector High Fidelity (VHF) signal enhancement | F79: FALSE | N79: 76.44 | Q79: =AND($D$1>0,F79=TRUE) -> FALSE | R79: =IF($Q79=TRUE,G79*$D$1,0) -> 0 | S79: =IF($Q79=TRUE,H79*$D$1,0) -> 0 | T79: =IF($Q79=TRUE,I79*$D$1,0) -> 0 | U79: =IF($Q79=TRUE,J79*$D$1,0) -> 0 | V79: =IF($Q79=TRUE,K79*$D$1,0) -> 0 | W79: =IF($Q79=TRUE,L79*$D$1,0) -> 0 | X79: =IF($Q79=TRUE,M79*$D$1,0) -> 0 | Y79: =IF($Q79=TRUE,N79*$D$1,0) -> 0 | ... AA79: =IF($Q79=TRUE,P79*$D$1,0) -> 0
B80: km² 3D | C80: Vector High Fidelity (VHF) signal enhancement | F80: FALSE | N80: 25.48 | Q80: =AND($D$2>0,F80=TRUE) -> FALSE | R80: =IF($Q80=TRUE,G80*$D$2,0) -> 0 | S80: =IF($Q80=TRUE,H80*$D$2,0) -> 0 | T80: =IF($Q80=TRUE,I80*$D$2,0) -> 0 | U80: =IF($Q80=TRUE,J80*$D$2,0) -> 0 | V80: =IF($Q80=TRUE,K80*$D$2,0) -> 0 | W80: =IF($Q80=TRUE,L80*$D$2,0) -> 0 | X80: =IF($Q80=TRUE,M80*$D$2,0) -> 0 | Y80: =IF($Q80=TRUE,N80*$D$2,0) -> 0 | ... AA80: =IF($Q80=TRUE,P80*$D$2,0) -> 0
B81: km 2D | C81: PS Processing | F81: FALSE | G81: 300 | N81: 718.35 | Q81: =AND($D$1>0,F81=TRUE) -> FALSE | R81: =IF($Q81=TRUE,G81*$D$1,0) -> 0 | S81: =IF($Q81=TRUE,H81*$D$1,0) -> 0 | T81: =IF($Q81=TRUE,I81*$D$1,0) -> 0 | U81: =IF($Q81=TRUE,J81*$D$1,0) -> 0 | V81: =IF($Q81=TRUE,K81*$D$1,0) -> 0 | W81: =IF($Q81=TRUE,L81*$D$1,0) -> 0 | X81: =IF($Q81=TRUE,M81*$D$1,0) -> 0 | Y81: =IF($Q81=TRUE,N81*$D$1,0) -> 0 | ... AA81: =IF($Q81=TRUE,P81*$D$1,0) -> 0
B82: km² 3D | C82: PS Processing | F82: FALSE | G82: 450 | N82: 1344.88 | Q82: =AND($D$2>0,F82=TRUE) -> FALSE | R82: =IF($Q82=TRUE,G82*$D$2,0) -> 0 | S82: =IF($Q82=TRUE,H82*$D$2,0) -> 0 | T82: =IF($Q82=TRUE,I82*$D$2,0) -> 0 | U82: =IF($Q82=TRUE,J82*$D$2,0) -> 0 | V82: =IF($Q82=TRUE,K82*$D$2,0) -> 0 | W82: =IF($Q82=TRUE,L82*$D$2,0) -> 0 | X82: =IF($Q82=TRUE,M82*$D$2,0) -> 0 | Y82: =IF($Q82=TRUE,N82*$D$2,0) -> 0 | ... AA82: =IF($Q82=TRUE,P82*$D$2,0) -> 0
B83: km 2D | C83: CRS processing | F83: FALSE | M83: 25 | O83: 245 | Q83: =AND($D$1>0,F83=TRUE) -> FALSE | R83: =IF($Q83=TRUE,G83*$D$1,0) -> 0 | S83: =IF($Q83=TRUE,H83*$D$1,0) -> 0 | T83: =IF($Q83=TRUE,I83*$D$1,0) -> 0 | U83: =IF($Q83=TRUE,J83*$D$1,0) -> 0 | V83: =IF($Q83=TRUE,K83*$D$1,0) -> 0 | W83: =IF($Q83=TRUE,L83*$D$1,0) -> 0 | X83: =IF($Q83=TRUE,M83*$D$1,0) -> 0 | Y83: =IF($Q83=TRUE,N83*$D$1,0) -> 0 | ... AA83: =IF($Q83=TRUE,P83*$D$1,0) -> 0
B84: km² 3D | C84: CRS processing | F84: FALSE | M84: 51 | O84: 245 | Q84: =AND($D$2>0,F84=TRUE) -> FALSE | R84: =IF($Q84=TRUE,G84*$D$2,0) -> 0 | S84: =IF($Q84=TRUE,H84*$D$2,0) -> 0 | T84: =IF($Q84=TRUE,I84*$D$2,0) -> 0 | U84: =IF($Q84=TRUE,J84*$D$2,0) -> 0 | V84: =IF($Q84=TRUE,K84*$D$2,0) -> 0 | W84: =IF($Q84=TRUE,L84*$D$2,0) -> 0 | X84: =IF($Q84=TRUE,M84*$D$2,0) -> 0 | Y84: =IF($Q84=TRUE,N84*$D$2,0) -> 0 | ... AA84: =IF($Q84=TRUE,P84*$D$2,0) -> 0
B85: km 2D | C85: Bin size reduction to half of the original bin size (25% add-on to CRS and PreSTM) | F85: FALSE | Q85: =AND($D$1>0,F85=TRUE) -> FALSE | R85: =IF($Q85=TRUE,G85*$D$1,0) -> 0 | S85: =IF($Q85=TRUE,H85*$D$1,0) -> 0 | T85: =IF($Q85=TRUE,I85*$D$1,0) -> 0 | U85: =IF($Q85=TRUE,J85*$D$1,0) -> 0 | V85: =IF($Q85=TRUE,K85*$D$1,0) -> 0 | W85: =IF($Q85=TRUE,L85*$D$1,0) -> 0 | X85: =IF($Q85=TRUE,M85*$D$1,0) -> 0 | Y85: =IF($Q85=TRUE,N85*$D$1,0) -> 0 | ... AA85: =IF($Q85=TRUE,P85*$D$1,0) -> 0
B86: km² 3D | C86: Bin size reduction to half of the original bin size (25% add-on to CRS and PreSTM) | F86: FALSE | Q86: =AND($D$2>0,F86=TRUE) -> FALSE | R86: =IF($Q86=TRUE,G86*$D$2,0) -> 0 | S86: =IF($Q86=TRUE,H86*$D$2,0) -> 0 | T86: =IF($Q86=TRUE,I86*$D$2,0) -> 0 | U86: =IF($Q86=TRUE,J86*$D$2,0) -> 0 | V86: =IF($Q86=TRUE,K86*$D$2,0) -> 0 | W86: =IF($Q86=TRUE,L86*$D$2,0) -> 0 | X86: =IF($Q86=TRUE,M86*$D$2,0) -> 0 | Y86: =IF($Q86=TRUE,N86*$D$2,0) -> 0 | ... AA86: =IF($Q86=TRUE,P86*$D$2,0) -> 0
B87: km 2D | C87: Bin size reduction to a quarter of the original bin size (50% add-on to CRS and PreSTM) | F87: FALSE | Q87: =AND($D$1>0,F87=TRUE) -> FALSE | R87: =IF($Q87=TRUE,G87*$D$1,0) -> 0 | S87: =IF($Q87=TRUE,H87*$D$1,0) -> 0 | T87: =IF($Q87=TRUE,I87*$D$1,0) -> 0 | U87: =IF($Q87=TRUE,J87*$D$1,0) -> 0 | V87: =IF($Q87=TRUE,K87*$D$1,0) -> 0 | W87: =IF($Q87=TRUE,L87*$D$1,0) -> 0 | X87: =IF($Q87=TRUE,M87*$D$1,0) -> 0 | Y87: =IF($Q87=TRUE,N87*$D$1,0) -> 0 | ... AA87: =IF($Q87=TRUE,P87*$D$1,0) -> 0
B88: km² 3D | C88: Bin size reduction to a quarter of the original bin size (50% add-on to CRS and PreSTM) | F88: FALSE | Q88: =AND($D$2>0,F88=TRUE) -> FALSE | R88: =IF($Q88=TRUE,G88*$D$2,0) -> 0 | S88: =IF($Q88=TRUE,H88*$D$2,0) -> 0 | T88: =IF($Q88=TRUE,I88*$D$2,0) -> 0 | U88: =IF($Q88=TRUE,J88*$D$2,0) -> 0 | V88: =IF($Q88=TRUE,K88*$D$2,0) -> 0 | W88: =IF($Q88=TRUE,L88*$D$2,0) -> 0 | X88: =IF($Q88=TRUE,M88*$D$2,0) -> 0 | Y88: =IF($Q88=TRUE,N88*$D$2,0) -> 0 | ... AA88: =IF($Q88=TRUE,P88*$D$2,0) -> 0
B89: km 2D | C89: Fast track processing (15% add-on to time domain processing, CRS and PreSTM) | F89: FALSE | Q89: =AND($D$1>0,F89=TRUE) -> FALSE | R89: =IF($Q89=TRUE,G89*$D$1,0) -> 0 | S89: =IF($Q89=TRUE,H89*$D$1,0) -> 0 | T89: =IF($Q89=TRUE,I89*$D$1,0) -> 0 | U89: =IF($Q89=TRUE,J89*$D$1,0) -> 0 | V89: =IF($Q89=TRUE,K89*$D$1,0) -> 0 | W89: =IF($Q89=TRUE,L89*$D$1,0) -> 0 | X89: =IF($Q89=TRUE,M89*$D$1,0) -> 0 | Y89: =IF($Q89=TRUE,N89*$D$1,0) -> 0 | ... AA89: =IF($Q89=TRUE,P89*$D$1,0) -> 0
B90: km² 3D | C90: Fast track processing (15% add-on to time domain processing, CRS and PreSTM) | F90: FALSE | Q90: =AND($D$2>0,F90=TRUE) -> FALSE | R90: =IF($Q90=TRUE,G90*$D$2,0) -> 0 | S90: =IF($Q90=TRUE,H90*$D$2,0) -> 0 | T90: =IF($Q90=TRUE,I90*$D$2,0) -> 0 | U90: =IF($Q90=TRUE,J90*$D$2,0) -> 0 | V90: =IF($Q90=TRUE,K90*$D$2,0) -> 0 | W90: =IF($Q90=TRUE,L90*$D$2,0) -> 0 | X90: =IF($Q90=TRUE,M90*$D$2,0) -> 0 | Y90: =IF($Q90=TRUE,N90*$D$2,0) -> 0 | ... AA90: =IF($Q90=TRUE,P90*$D$2,0) -> 0
A91: Pre-stack Time Migration | B91: km 2D | C91: Common Offset Vector ISO Kirchhoff Migration (COV KM) | F91: FALSE | J91: 113 | Q91: =AND($D$1>0,F91=TRUE) -> FALSE | R91: =IF($Q91=TRUE,G91*$D$1,0) -> 0 | S91: =IF($Q91=TRUE,H91*$D$1,0) -> 0 | T91: =IF($Q91=TRUE,I91*$D$1,0) -> 0 | U91: =IF($Q91=TRUE,J91*$D$1,0) -> 0 | V91: =IF($Q91=TRUE,K91*$D$1,0) -> 0 | W91: =IF($Q91=TRUE,L91*$D$1,0) -> 0 | X91: =IF($Q91=TRUE,M91*$D$1,0) -> 0 | Y91: =IF($Q91=TRUE,N91*$D$1,0) -> 0 | ... AA91: =IF($Q91=TRUE,P91*$D$1,0) -> 0
B92: km² 3D | C92: Common Offset Vector ISO Kirchhoff Migration (COV KM) | F92: FALSE | J92: 156 | Q92: =AND($D$2>0,F92=TRUE) -> FALSE | R92: =IF($Q92=TRUE,G92*$D$2,0) -> 0 | S92: =IF($Q92=TRUE,H92*$D$2,0) -> 0 | T92: =IF($Q92=TRUE,I92*$D$2,0) -> 0 | U92: =IF($Q92=TRUE,J92*$D$2,0) -> 0 | V92: =IF($Q92=TRUE,K92*$D$2,0) -> 0 | W92: =IF($Q92=TRUE,L92*$D$2,0) -> 0 | X92: =IF($Q92=TRUE,M92*$D$2,0) -> 0 | Y92: =IF($Q92=TRUE,N92*$D$2,0) -> 0 | ... AA92: =IF($Q92=TRUE,P92*$D$2,0) -> 0
B93: km 2D | C93: Diffraction Imagin based on time domain ISO PreSTM with specular gathers (DI Time) | F93: FALSE | J93: 175 | Q93: =AND($D$1>0,F93=TRUE) -> FALSE | R93: =IF($Q93=TRUE,G93*$D$1,0) -> 0 | S93: =IF($Q93=TRUE,H93*$D$1,0) -> 0 | T93: =IF($Q93=TRUE,I93*$D$1,0) -> 0 | U93: =IF($Q93=TRUE,J93*$D$1,0) -> 0 | V93: =IF($Q93=TRUE,K93*$D$1,0) -> 0 | W93: =IF($Q93=TRUE,L93*$D$1,0) -> 0 | X93: =IF($Q93=TRUE,M93*$D$1,0) -> 0 | Y93: =IF($Q93=TRUE,N93*$D$1,0) -> 0 | ... AA93: =IF($Q93=TRUE,P93*$D$1,0) -> 0
B94: km² 3D | C94: Diffraction Imagin based on time domain ISO PreSTM with specular gathers (DI Time) | F94: FALSE | J94: 238 | Q94: =AND($D$2>0,F94=TRUE) -> FALSE | R94: =IF($Q94=TRUE,G94*$D$2,0) -> 0 | S94: =IF($Q94=TRUE,H94*$D$2,0) -> 0 | T94: =IF($Q94=TRUE,I94*$D$2,0) -> 0 | U94: =IF($Q94=TRUE,J94*$D$2,0) -> 0 | V94: =IF($Q94=TRUE,K94*$D$2,0) -> 0 | W94: =IF($Q94=TRUE,L94*$D$2,0) -> 0 | X94: =IF($Q94=TRUE,M94*$D$2,0) -> 0 | Y94: =IF($Q94=TRUE,N94*$D$2,0) -> 0 | ... AA94: =IF($Q94=TRUE,P94*$D$2,0) -> 0
B95: km 2D | C95: Diffraction Imaging (DI) | F95: FALSE | Q95: =AND($D$1>0,F95=TRUE) -> FALSE | R95: =IF($Q95=TRUE,G95*$D$1,0) -> 0 | S95: =IF($Q95=TRUE,H95*$D$1,0) -> 0 | T95: =IF($Q95=TRUE,I95*$D$1,0) -> 0 | U95: =IF($Q95=TRUE,J95*$D$1,0) -> 0 | V95: =IF($Q95=TRUE,K95*$D$1,0) -> 0 | W95: =IF($Q95=TRUE,L95*$D$1,0) -> 0 | X95: =IF($Q95=TRUE,M95*$D$1,0) -> 0 | Y95: =IF($Q95=TRUE,N95*$D$1,0) -> 0 | ... AA95: =IF($Q95=TRUE,P95*$D$1,0) -> 0
B96: km² 3D | C96: Diffraction Imaging (DI) | F96: FALSE | H96: 90 | P96: 37 | Q96: =AND($D$2>0,F96=TRUE) -> FALSE | R96: =IF($Q96=TRUE,G96*$D$2,0) -> 0 | S96: =IF($Q96=TRUE,H96*$D$2,0) -> 0 | T96: =IF($Q96=TRUE,I96*$D$2,0) -> 0 | U96: =IF($Q96=TRUE,J96*$D$2,0) -> 0 | V96: =IF($Q96=TRUE,K96*$D$2,0) -> 0 | W96: =IF($Q96=TRUE,L96*$D$2,0) -> 0 | X96: =IF($Q96=TRUE,M96*$D$2,0) -> 0 | Y96: =IF($Q96=TRUE,N96*$D$2,0) -> 0 | ... AA96: =IF($Q96=TRUE,P96*$D$2,0) -> 0
B97: km 2D | C97: Wave Equation Migration (WEM) VTI | F97: FALSE | K97: 48 | M97: 60 | P97: 27 | Q97: =AND($D$1>0,F97=TRUE) -> FALSE | R97: =IF($Q97=TRUE,G97*$D$1,0) -> 0 | S97: =IF($Q97=TRUE,H97*$D$1,0) -> 0 | T97: =IF($Q97=TRUE,I97*$D$1,0) -> 0 | U97: =IF($Q97=TRUE,J97*$D$1,0) -> 0 | V97: =IF($Q97=TRUE,K97*$D$1,0) -> 0 | W97: =IF($Q97=TRUE,L97*$D$1,0) -> 0 | X97: =IF($Q97=TRUE,M97*$D$1,0) -> 0 | Y97: =IF($Q97=TRUE,N97*$D$1,0) -> 0 | ... AA97: =IF($Q97=TRUE,P97*$D$1,0) -> 0
B98: km² 3D | C98: Wave Equation Migration (WEM) VTI | F98: FALSE | K98: 48 | M98: 130 | P98: 37 | Q98: =AND($D$2>0,F98=TRUE) -> FALSE | R98: =IF($Q98=TRUE,G98*$D$2,0) -> 0 | S98: =IF($Q98=TRUE,H98*$D$2,0) -> 0 | T98: =IF($Q98=TRUE,I98*$D$2,0) -> 0 | U98: =IF($Q98=TRUE,J98*$D$2,0) -> 0 | V98: =IF($Q98=TRUE,K98*$D$2,0) -> 0 | W98: =IF($Q98=TRUE,L98*$D$2,0) -> 0 | X98: =IF($Q98=TRUE,M98*$D$2,0) -> 0 | Y98: =IF($Q98=TRUE,N98*$D$2,0) -> 0 | ... AA98: =IF($Q98=TRUE,P98*$D$2,0) -> 0
B99: km 2D | C99: Time BEAM | F99: FALSE | K99: 84 | Q99: =AND($D$1>0,F99=TRUE) -> FALSE | R99: =IF($Q99=TRUE,G99*$D$1,0) -> 0 | S99: =IF($Q99=TRUE,H99*$D$1,0) -> 0 | T99: =IF($Q99=TRUE,I99*$D$1,0) -> 0 | U99: =IF($Q99=TRUE,J99*$D$1,0) -> 0 | V99: =IF($Q99=TRUE,K99*$D$1,0) -> 0 | W99: =IF($Q99=TRUE,L99*$D$1,0) -> 0 | X99: =IF($Q99=TRUE,M99*$D$1,0) -> 0 | Y99: =IF($Q99=TRUE,N99*$D$1,0) -> 0 | ... AA99: =IF($Q99=TRUE,P99*$D$1,0) -> 0
B100: km² 3D | C100: Time BEAM | F100: FALSE | K100: 84 | Q100: =AND($D$2>0,F100=TRUE) -> FALSE | R100: =IF($Q100=TRUE,G100*$D$2,0) -> 0 | S100: =IF($Q100=TRUE,H100*$D$2,0) -> 0 | T100: =IF($Q100=TRUE,I100*$D$2,0) -> 0 | U100: =IF($Q100=TRUE,J100*$D$2,0) -> 0 | V100: =IF($Q100=TRUE,K100*$D$2,0) -> 0 | W100: =IF($Q100=TRUE,L100*$D$2,0) -> 0 | X100: =IF($Q100=TRUE,M100*$D$2,0) -> 0 | Y100: =IF($Q100=TRUE,N100*$D$2,0) -> 0 | ... AA100: =IF($Q100=TRUE,P100*$D$2,0) -> 0
...

Sheet Absolute Imaging

Sheet AGT

Sheet EGS

Sheet Geofizyka Torum

Sheet Geotomo

Sheet Inforpetrol

Sheet Petroseis

Sheet Schlumberger

Sheet Teec Solutions

Sheet Z Terra
